county,state,poverty_perc,percent_high_cholesterol
Aleutians East,AK,15.1,31.2
Aleutians West,AK,8.1,30.3
Anchorage,AK,8.3,29.4
Bethel,AK,25.3,28.7
Bristol Bay,AK,10.7,32.3
Denali,AK,6.4,30.9
Dillingham,AK,18.7,29.3
Fairbanks North Star,AK,7.2,27.5
Haines,AK,9.6,34.5
Hoonah-Angoon,AK,12.7,35.8
Juneau,AK,8.1,31.3
Kenai Peninsula,AK,10.6,34.0
Ketchikan Gateway,AK,8.3,31.4
Kodiak Island,AK,7.5,30.0
Lake and Peninsula,AK,17.6,31.7
Matanuska-Susitna,AK,8.7,31.9
Nome,AK,18.8,28.8
North Slope,AK,11.1,29.6
Northwest Arctic,AK,18.5,28.8
Petersburg,AK,7.4,34.8
Prince of Wales-Hyder,AK,15.9,35.0
Sitka,AK,7.4,31.1
Skagway,AK,3.8,30.8
Southeast Fairbanks,AK,11.7,33.5
Kusilvak,AK,27.9,28.4
Wrangell,AK,10.6,37.3
Yakutat,AK,12.4,34.0
Yukon-Koyukuk,AK,20.5,32.4
Alameda,CA,8.6,28.8
Amador,CA,10.3,35.2
Butte,CA,17.3,29.9
Calaveras,CA,11.6,36.1
Colusa,CA,10.3,29.8
Contra Costa,CA,7.2,29.2
Del Norte,CA,18.5,32.5
El Dorado,CA,8.4,32.9
Glenn,CA,12.4,30.9
Humboldt,CA,15.8,30.2
Kings,CA,14.5,27.7
Lake,CA,15.9,34.1
Lassen,CA,15.5,29.6
Marin,CA,6.0,31.8
Mariposa,CA,13.3,36.8
Mendocino,CA,14.3,31.9
Merced,CA,16.3,28.7
Modoc,CA,17.9,36.7
Monterey,CA,11.6,27.7
Napa,CA,7.9,30.9
Nevada,CA,9.2,36.9
Placer,CA,6.5,33.1
Plumas,CA,13.5,36.8
Sacramento,CA,12.5,28.5
San Benito,CA,7.9,29.1
San Francisco,CA,10.0,28.0
San Joaquin,CA,13.9,30.1
San Luis Obispo,CA,10.6,31.0
San Mateo,CA,5.5,31.3
Santa Barbara,CA,10.5,28.2
Santa Clara,CA,6.6,26.9
Santa Cruz,CA,10.7,29.0
Shasta,CA,13.9,32.9
Sierra,CA,11.5,39.2
Siskiyou,CA,14.3,35.9
Solano,CA,9.3,29.5
Sonoma,CA,7.8,29.8
Stanislaus,CA,13.0,30.5
Sutter,CA,11.5,31.1
Tehama,CA,13.3,32.8
Trinity,CA,18.0,38.1
Tuolumne,CA,12.1,35.5
Yolo,CA,14.8,25.5
Yuba,CA,16.3,29.5
Hawaii,HI,12.2,29.8
Honolulu,HI,8.0,30.7
Kauai,HI,9.9,29.1
Maui,HI,9.5,27.3
Benton,OR,15.7,26.3
Clackamas,OR,6.8,31.2
Clatsop,OR,10.5,32.3
Columbia,OR,9.2,31.7
Coos,OR,15.4,36.4
Crook,OR,10.3,34.3
Curry,OR,14.5,36.8
Deschutes,OR,8.1,32.1
Douglas,OR,13.3,35.3
Gilliam,OR,10.7,35.6
Hood River,OR,8.5,28.2
Jackson,OR,11.9,34.2
Jefferson,OR,12.5,32.0
Josephine,OR,15.8,36.0
Klamath,OR,19.7,33.3
Lake,OR,15.7,35.0
Lane,OR,14.5,30.4
Lincoln,OR,14.4,34.2
Linn,OR,11.3,28.7
Marion,OR,12.1,27.2
Multnomah,OR,11.2,27.0
Polk,OR,11.1,28.7
Sherman,OR,11.9,34.4
Tillamook,OR,10.8,33.3
Wasco,OR,12.4,31.7
Washington,OR,7.5,26.9
Wheeler,OR,14.0,38.4
Yamhill,OR,8.7,29.9
Chelan,WA,8.3,31.7
Clallam,WA,13.3,36.7
Clark,WA,8.7,30.5
Cowlitz,WA,11.9,34.0
Grays Harbor,WA,15.1,37.5
Island,WA,6.5,33.1
Jefferson,WA,10.6,38.4
King,WA,7.6,29.1
Kitsap,WA,8.3,32.4
Kittitas,WA,12.9,27.1
Klickitat,WA,14.0,34.7
Lewis,WA,13.3,36.5
Mason,WA,12.6,36.1
Okanogan,WA,19.8,32.7
Pacific,WA,13.6,39.4
Pierce,WA,8.7,33.5
San Juan,WA,9.6,37.2
Skagit,WA,9.5,34.6
Skamania,WA,10.6,34.4
Snohomish,WA,7.1,29.5
Thurston,WA,9.7,32.0
Wahkiakum,WA,10.7,40.4
Whatcom,WA,11.7,30.8
Yakima,WA,14.8,30.4
Apache,AZ,32.4,31.0
Cochise,AZ,14.6,34.5
Coconino,AZ,17.2,26.8
Gila,AZ,16.7,37.5
Graham,AZ,15.2,29.8
Greenlee,AZ,8.4,31.4
La Paz,AZ,20.8,39.1
Maricopa,AZ,11.6,31.2
Mohave,AZ,15.3,38.4
Navajo,AZ,23.3,34.8
Pima,AZ,14.9,32.5
Pinal,AZ,11.1,33.6
Santa Cruz,AZ,16.8,34.3
Yavapai,AZ,10.8,37.2
Yuma,AZ,15.2,34.2
Alpine,CA,14.3,35.4
Fresno,CA,17.1,29.0
Imperial,CA,18.1,31.2
Inyo,CA,10.9,33.7
Kern,CA,18.3,29.6
Los Angeles,CA,13.2,28.6
Madera,CA,14.1,30.0
Mono,CA,9.0,30.5
Orange,CA,9.0,32.0
Riverside,CA,11.2,30.8
San Bernardino,CA,14.3,29.9
San Diego,CA,9.5,28.6
Tulare,CA,17.1,29.6
Ventura,CA,9.1,31.9
Archuleta,CO,9.4,34.9
Delta,CO,12.1,34.9
Dolores,CO,12.5,35.1
Garfield,CO,6.7,28.5
Gunnison,CO,9.6,25.9
Hinsdale,CO,7.2,35.8
La Plata,CO,10.0,28.5
Mesa,CO,11.1,30.5
Mineral,CO,8.7,35.7
Moffat,CO,9.9,31.1
Montezuma,CO,12.9,33.4
Montrose,CO,10.4,32.8
Ouray,CO,6.7,35.1
Pitkin,CO,6.4,30.5
Rio Blanco,CO,9.8,30.5
Routt,CO,6.3,29.9
San Juan,CO,11.3,34.7
San Miguel,CO,7.6,29.7
Ada,ID,7.7,30.0
Bannock,ID,12.2,29.6
Bear Lake,ID,9.5,32.5
Bingham,ID,11.1,30.9
Blaine,ID,6.9,31.9
Boise,ID,11.5,36.7
Bonneville,ID,9.7,29.5
Butte,ID,14.2,34.7
Camas,ID,8.3,35.8
Canyon,ID,10.6,32.0
Caribou,ID,7.9,32.8
Cassia,ID,10.1,30.1
Clark,ID,11.6,31.7
Custer,ID,12.7,39.4
Elmore,ID,11.7,29.6
Franklin,ID,7.7,31.4
Fremont,ID,12.6,32.2
Gem,ID,11.0,33.8
Gooding,ID,11.2,31.4
Jefferson,ID,8.5,28.2
Jerome,ID,12.3,28.5
Lincoln,ID,11.4,30.1
Madison,ID,14.3,20.6
Minidoka,ID,14.0,31.5
Oneida,ID,9.7,35.6
Owyhee,ID,13.6,32.1
Payette,ID,11.5,32.1
Power,ID,12.4,30.8
Teton,ID,7.4,28.3
Twin Falls,ID,11.1,29.2
Washington,ID,14.2,35.4
Churchill,NV,10.3,33.9
Clark,NV,13.2,31.8
Douglas,NV,8.0,36.3
Elko,NV,11.2,29.1
Esmeralda,NV,14.4,39.7
Eureka,NV,10.3,34.7
Humboldt,NV,9.8,32.1
Lander,NV,9.4,33.6
Lincoln,NV,13.2,34.7
Lyon,NV,10.1,35.8
Mineral,NV,15.4,37.3
Nye,NV,14.2,40.6
Pershing,NV,18.1,32.8
Storey,NV,7.8,38.5
Washoe,NV,10.2,34.0
White Pine,NV,12.3,32.2
Carson City,NV,12.5,33.4
Catron,NM,22.8,39.0
Cibola,NM,25.1,31.3
DoÃ±a Ana,NM,20.5,30.4
Grant,NM,20.0,34.3
Hidalgo,NM,19.8,34.2
Luna,NM,22.3,32.1
McKinley,NM,32.0,30.3
Sandoval,NM,10.4,30.5
San Juan,NM,21.5,28.4
Sierra,NM,22.1,37.7
Socorro,NM,25.1,32.3
Valencia,NM,15.5,30.3
Grant,OR,13.9,37.2
Harney,OR,12.6,33.5
Malheur,OR,19.5,31.0
Beaver,UT,7.7,32.0
Box Elder,UT,6.8,30.7
Cache,UT,9.2,27.1
Carbon,UT,12.8,33.0
Daggett,UT,6.5,37.3
Davis,UT,5.0,30.5
Duchesne,UT,10.6,29.4
Emery,UT,9.3,34.1
Garfield,UT,9.7,36.7
Grand,UT,10.4,32.1
Iron,UT,13.7,29.7
Juab,UT,7.7,31.8
Kane,UT,9.0,35.8
Millard,UT,10.7,32.3
Morgan,UT,3.7,30.7
Piute,UT,15.3,38.2
Rich,UT,8.4,32.9
Salt Lake,UT,7.0,27.5
San Juan,UT,18.6,30.9
Sanpete,UT,14.1,28.8
Sevier,UT,10.0,34.6
Summit,UT,4.5,30.3
Tooele,UT,5.7,28.2
Uintah,UT,10.8,32.5
Utah,UT,7.8,24.7
Wasatch,UT,4.7,29.2
Washington,UT,6.9,33.1
Wayne,UT,11.2,35.3
Weber,UT,7.3,28.9
Big Horn,WY,11.5,32.0
Carbon,WY,10.4,30.8
Fremont,WY,15.0,30.4
Hot Springs,WY,10.9,36.1
Lincoln,WY,6.9,33.6
Natrona,WY,9.4,30.9
Park,WY,8.2,31.6
Sublette,WY,6.2,31.0
Sweetwater,WY,7.6,27.8
Teton,WY,5.2,27.6
Uinta,WY,8.5,30.6
Washakie,WY,9.7,32.1
De Soto,LA,19.8,38.6
Anderson,TX,20.9,34.2
Angelina,TX,17.0,36.7
Aransas,TX,17.1,41.4
Atascosa,TX,14.9,35.2
Austin,TX,11.4,35.9
Bandera,TX,11.0,40.9
Bastrop,TX,10.8,35.4
Bee,TX,23.1,33.0
Bell,TX,14.7,29.7
Bexar,TX,15.0,32.2
Blanco,TX,9.8,40.0
Bosque,TX,12.5,39.3
Brazoria,TX,8.3,31.5
Brazos,TX,22.3,27.2
Brewster,TX,14.0,36.5
Brooks,TX,28.7,38.3
Brown,TX,15.6,37.4
Burleson,TX,13.1,37.8
Burnet,TX,9.5,37.4
Caldwell,TX,12.7,34.6
Calhoun,TX,12.4,35.2
Cameron,TX,24.4,34.8
Chambers,TX,9.3,32.6
Cherokee,TX,16.7,37.0
Coke,TX,11.4,40.0
Coleman,TX,16.0,40.3
Colorado,TX,12.7,35.9
Comal,TX,7.5,34.7
Comanche,TX,15.9,38.2
Concho,TX,13.5,40.2
Coryell,TX,12.7,29.4
Crane,TX,9.0,33.2
Crockett,TX,12.4,36.8
Culberson,TX,18.6,40.9
DeWitt,TX,20.5,37.1
Dimmit,TX,25.5,37.7
Duval,TX,20.0,37.3
Ector,TX,13.6,30.1
Edwards,TX,19.1,41.5
El Paso,TX,17.6,31.6
Falls,TX,20.0,36.1
Fayette,TX,9.4,37.8
Fort Bend,TX,7.4,34.2
Freestone,TX,13.3,38.0
Frio,TX,22.3,32.5
Galveston,TX,9.9,34.0
Gillespie,TX,9.2,39.5
Glasscock,TX,7.3,35.0
Goliad,TX,13.2,38.9
Gonzales,TX,14.3,36.1
Grimes,TX,15.3,37.6
Guadalupe,TX,8.5,32.4
Hamilton,TX,14.7,39.9
Hardin,TX,10.4,37.1
Harris,TX,15.9,34.1
Hays,TX,9.6,30.5
Hidalgo,TX,23.9,32.0
Hill,TX,14.0,37.4
Houston,TX,20.0,38.4
Hudspeth,TX,24.2,35.4
Irion,TX,6.9,38.3
Jackson,TX,12.7,36.1
Jasper,TX,17.3,38.4
Jeff Davis,TX,22.2,42.2
Jefferson,TX,18.3,33.3
Jim Hogg,TX,20.1,37.8
Jim Wells,TX,20.1,35.9
Karnes,TX,17.5,32.4
Kendall,TX,6.7,35.6
Kenedy,TX,10.8,39.8
Kerr,TX,11.6,39.2
Kimble,TX,15.7,41.0
Kinney,TX,17.9,37.6
Kleberg,TX,20.8,31.4
Lampasas,TX,10.0,37.7
La Salle,TX,24.0,31.3
Lavaca,TX,10.6,38.4
Lee,TX,10.6,36.5
Leon,TX,13.8,40.1
Liberty,TX,14.4,34.4
Limestone,TX,16.8,37.1
Live Oak,TX,17.0,37.2
Llano,TX,10.9,43.9
Loving,TX,3.9,35.6
McCulloch,TX,16.2,38.3
McLennan,TX,17.0,33.4
McMullen,TX,9.7,38.5
Madison,TX,17.4,32.5
Mason,TX,9.8,40.0
Matagorda,TX,17.3,35.9
Maverick,TX,20.0,34.4
Medina,TX,11.2,35.7
Menard,TX,19.1,41.8
Midland,TX,9.7,30.4
Milam,TX,17.4,37.9
Mills,TX,14.4,41.4
Montgomery,TX,8.2,34.7
Nacogdoches,TX,19.5,32.7
Navarro,TX,14.8,36.9
Newton,TX,21.3,38.1
Nueces,TX,17.5,33.1
Orange,TX,15.1,34.8
Pecos,TX,16.5,34.3
Polk,TX,15.0,40.9
Presidio,TX,19.4,41.9
Reagan,TX,8.3,32.4
Real,TX,16.4,42.4
Reeves,TX,19.0,32.3
Refugio,TX,15.3,38.4
Robertson,TX,14.2,36.8
Runnels,TX,14.3,37.8
Sabine,TX,16.0,43.6
San Augustine,TX,19.6,42.2
San Jacinto,TX,16.1,38.8
San Patricio,TX,14.8,34.4
San Saba,TX,17.4,37.3
Schleicher,TX,13.2,35.9
Shelby,TX,18.0,36.8
Starr,TX,25.2,34.8
Sterling,TX,10.2,34.7
Sutton,TX,11.7,36.9
Terrell,TX,14.0,41.9
Tom Green,TX,12.0,32.9
Travis,TX,10.2,29.8
Trinity,TX,16.8,41.9
Tyler,TX,18.9,38.5
Upton,TX,12.1,34.9
Uvalde,TX,19.0,35.0
Val Verde,TX,15.6,34.5
Victoria,TX,16.5,33.9
Walker,TX,18.0,32.1
Waller,TX,12.6,30.6
Ward,TX,9.8,34.1
Washington,TX,11.7,36.0
Webb,TX,19.9,32.8
Wharton,TX,13.8,35.1
Willacy,TX,24.7,34.8
Williamson,TX,5.6,33.1
Wilson,TX,9.4,35.5
Winkler,TX,11.8,33.6
Zapata,TX,24.6,35.7
Zavala,TX,27.2,36.0
Benton,AR,9.1,31.9
Crawford,AR,14.4,38.9
Franklin,AR,15.3,42.1
Hempstead,AR,18.7,38.1
Howard,AR,16.7,38.4
Little River,AR,16.2,40.1
Logan,AR,15.8,40.8
Madison,AR,16.9,39.8
Miller,AR,19.2,39.0
Polk,AR,18.1,42.6
Scott,AR,17.5,41.8
Sebastian,AR,16.8,38.1
Sevier,AR,16.7,36.6
Washington,AR,13.2,29.3
Adams,CO,9.4,27.0
Alamosa,CO,16.7,27.6
Arapahoe,CO,7.0,27.6
Baca,CO,16.9,34.9
Bent,CO,26.6,31.4
Boulder,CO,9.5,27.6
Broomfield,CO,4.2,27.5
Chaffee,CO,9.6,34.2
Cheyenne,CO,12.3,32.4
Clear Creek,CO,7.3,32.2
Conejos,CO,17.6,34.1
Costilla,CO,21.8,36.8
Crowley,CO,37.2,28.7
Custer,CO,12.2,37.5
Denver,CO,12.4,25.8
Douglas,CO,3.0,31.3
Eagle,CO,6.4,27.7
Elbert,CO,4.8,32.2
El Paso,CO,9.1,30.0
Fremont,CO,15.2,31.6
Gilpin,CO,6.6,32.3
Grand,CO,6.8,31.4
Huerfano,CO,19.9,37.2
Jackson,CO,11.6,34.2
Jefferson,CO,6.1,29.0
Kiowa,CO,12.0,34.2
Kit Carson,CO,10.8,32.2
Lake,CO,10.6,29.2
Larimer,CO,9.9,27.2
Las Animas,CO,16.4,33.2
Lincoln,CO,15.6,30.6
Logan,CO,13.1,29.3
Morgan,CO,10.5,29.5
Otero,CO,17.6,33.3
Park,CO,7.8,34.2
Phillips,CO,10.2,33.0
Prowers,CO,16.2,30.8
Pueblo,CO,14.1,31.5
Rio Grande,CO,13.3,31.8
Saguache,CO,18.6,35.3
Sedgwick,CO,13.2,35.9
Summit,CO,6.1,28.2
Teller,CO,7.3,33.8
Washington,CO,11.8,33.8
Weld,CO,8.9,28.8
Yuma,CO,11.5,30.5
Adair,IA,10.8,36.6
Adams,IA,10.8,37.3
Audubon,IA,9.6,36.8
Boone,IA,6.9,34.6
Buena Vista,IA,9.1,30.9
Calhoun,IA,10.0,35.2
Carroll,IA,7.0,34.7
Cass,IA,10.8,37.7
Cherokee,IA,9.0,36.0
Clarke,IA,11.1,33.7
Clay,IA,8.1,35.2
Crawford,IA,12.5,33.0
Dallas,IA,4.4,29.4
Decatur,IA,16.9,34.2
Dickinson,IA,6.7,35.2
Emmet,IA,10.2,33.9
Fremont,IA,9.1,36.8
Greene,IA,10.7,36.3
Guthrie,IA,8.5,35.6
Hamilton,IA,8.1,35.1
Hancock,IA,8.1,35.6
Harrison,IA,8.3,36.2
Humboldt,IA,8.8,35.9
Ida,IA,10.3,35.7
Kossuth,IA,10.0,35.9
Lyon,IA,6.3,32.5
Madison,IA,7.5,33.7
Mills,IA,8.3,34.5
Monona,IA,11.0,37.6
Montgomery,IA,11.6,35.7
O'Brien,IA,8.4,34.2
Osceola,IA,7.9,35.3
Page,IA,13.2,35.3
Palo Alto,IA,9.5,35.0
Plymouth,IA,6.0,32.6
Pocahontas,IA,10.2,36.6
Pottawattamie,IA,9.2,32.7
Ringgold,IA,13.3,36.2
Sac,IA,10.5,35.3
Shelby,IA,8.3,37.3
Sioux,IA,6.5,30.9
Taylor,IA,10.5,35.7
Union,IA,12.1,35.3
Webster,IA,12.4,32.1
Winnebago,IA,9.3,33.8
Woodbury,IA,11.3,31.5
Wright,IA,10.7,36.3
Allen,KS,14.5,36.4
Anderson,KS,12.7,37.0
Atchison,KS,13.1,34.5
Barber,KS,12.0,37.5
Barton,KS,12.7,36.2
Bourbon,KS,14.5,36.7
Brown,KS,13.0,37.2
Butler,KS,8.7,34.4
Chase,KS,10.1,37.2
Chautauqua,KS,18.3,39.5
Cherokee,KS,14.3,37.4
Cheyenne,KS,11.8,37.9
Clark,KS,11.0,35.0
Clay,KS,9.8,36.6
Cloud,KS,12.1,36.0
Coffey,KS,9.6,35.9
Comanche,KS,11.2,37.7
Cowley,KS,14.0,35.9
Crawford,KS,16.6,31.4
Decatur,KS,12.4,38.7
Dickinson,KS,9.8,35.5
Doniphan,KS,12.9,36.2
Douglas,KS,11.8,28.7
Edwards,KS,10.8,36.9
Elk,KS,15.1,40.8
Ellis,KS,16.0,32.1
Ellsworth,KS,10.6,35.0
Finney,KS,12.2,30.0
Ford,KS,10.3,30.5
Franklin,KS,8.9,34.1
Geary,KS,12.5,27.1
Gove,KS,10.1,37.7
Graham,KS,12.5,39.2
Grant,KS,10.1,32.1
Gray,KS,7.0,32.7
Greeley,KS,10.0,35.0
Greenwood,KS,12.7,39.0
Hamilton,KS,10.4,32.6
Harper,KS,13.2,38.5
Harvey,KS,9.3,34.2
Haskell,KS,10.2,34.1
Hodgeman,KS,9.1,38.0
Jackson,KS,9.3,35.7
Jefferson,KS,7.2,36.2
Jewell,KS,13.0,40.0
Johnson,KS,4.6,33.5
Kearny,KS,9.4,34.1
Kingman,KS,9.8,36.1
Kiowa,KS,12.3,35.3
Labette,KS,14.0,37.4
Lane,KS,9.6,38.2
Leavenworth,KS,8.5,32.4
Lincoln,KS,12.7,38.5
Linn,KS,12.5,38.5
Logan,KS,9.1,36.1
Lyon,KS,12.6,32.2
McPherson,KS,7.7,34.4
Marion,KS,10.1,35.7
Marshall,KS,8.7,36.8
Meade,KS,9.3,35.1
Miami,KS,7.6,35.7
Mitchell,KS,10.0,37.1
Montgomery,KS,17.8,36.0
Morris,KS,10.5,36.8
Morton,KS,12.1,36.7
Nemaha,KS,8.3,36.6
Neosho,KS,13.8,35.9
Ness,KS,9.6,38.5
Norton,KS,12.9,35.6
Osage,KS,10.1,37.8
Osborne,KS,11.7,37.3
Ottawa,KS,10.0,36.2
Pawnee,KS,14.9,37.0
Phillips,KS,10.9,38.4
Pottawatomie,KS,6.9,33.3
Pratt,KS,9.6,34.3
Rawlins,KS,11.1,38.3
Reno,KS,10.6,35.8
Republic,KS,9.9,38.7
Rice,KS,10.3,34.0
Riley,KS,19.2,23.6
Rooks,KS,9.6,37.4
Rush,KS,11.2,39.2
Russell,KS,12.9,37.6
Saline,KS,9.8,32.9
Scott,KS,7.3,34.2
Sedgwick,KS,13.4,34.9
Seward,KS,11.5,30.4
Shawnee,KS,10.5,37.9
Sheridan,KS,10.5,37.4
Sherman,KS,13.0,34.1
Smith,KS,10.3,38.6
Stafford,KS,11.0,36.0
Stanton,KS,10.2,34.1
Stevens,KS,9.7,34.1
Sumner,KS,11.3,36.3
Thomas,KS,9.1,32.8
Trego,KS,10.4,38.8
Wabaunsee,KS,8.5,36.9
Wallace,KS,12.5,36.6
Washington,KS,9.9,37.3
Wichita,KS,10.6,34.6
Wilson,KS,14.3,37.9
Woodson,KS,14.0,39.0
Wyandotte,KS,16.9,30.0
Caddo,LA,20.9,35.1
Blue Earth,MN,11.0,24.6
Brown,MN,6.8,32.7
Cottonwood,MN,11.2,34.5
Faribault,MN,10.3,34.1
Jackson,MN,7.6,33.0
Le Sueur,MN,6.7,31.4
Lincoln,MN,8.7,33.2
Lyon,MN,8.8,29.3
Martin,MN,9.9,34.3
Murray,MN,7.6,34.4
Nicollet,MN,7.2,27.8
Nobles,MN,9.4,30.6
Pipestone,MN,9.2,32.1
Redwood,MN,8.6,31.5
Rock,MN,8.2,32.4
Sibley,MN,7.9,31.9
Watonwan,MN,9.7,30.7
Andrew,MO,9.1,36.2
Atchison,MO,12.0,38.2
Barry,MO,16.0,36.6
Barton,MO,16.6,37.8
Bates,MO,14.8,37.2
Buchanan,MO,13.1,33.8
Caldwell,MO,12.4,37.3
Cass,MO,6.8,33.4
Cedar,MO,18.5,39.1
Clay,MO,7.7,31.1
Clinton,MO,9.5,36.5
Dade,MO,14.1,39.3
Daviess,MO,14.1,39.1
DeKalb,MO,12.8,34.3
Gentry,MO,13.0,36.6
Harrison,MO,17.8,39.3
Henry,MO,13.6,38.7
Holt,MO,12.2,39.5
Jackson,MO,12.4,33.0
Jasper,MO,15.2,33.2
Johnson,MO,10.8,28.6
Lafayette,MO,10.4,36.5
Lawrence,MO,15.2,37.3
McDonald,MO,17.6,36.7
Newton,MO,13.9,35.4
Nodaway,MO,15.2,29.6
Platte,MO,5.4,32.4
Ray,MO,10.0,36.7
St. Clair,MO,18.7,39.6
Vernon,MO,15.0,36.6
Worth,MO,13.8,38.6
Adams,NE,10.2,34.2
Antelope,NE,10.4,35.8
Arthur,NE,12.3,33.7
Banner,NE,10.1,35.6
Blaine,NE,13.3,36.5
Boone,NE,8.7,37.3
Box Butte,NE,9.5,33.8
Boyd,NE,12.9,37.4
Brown,NE,10.8,37.7
Buffalo,NE,9.5,29.5
Burt,NE,11.5,37.0
Butler,NE,7.5,32.7
Cass,NE,5.9,33.6
Cedar,NE,8.5,33.8
Chase,NE,8.2,34.7
Cherry,NE,11.4,35.7
Cheyenne,NE,10.0,32.8
Clay,NE,9.1,34.0
Colfax,NE,8.2,31.4
Cuming,NE,7.9,33.9
Custer,NE,9.8,35.0
Dakota,NE,9.9,30.8
Dawes,NE,14.7,29.6
Dawson,NE,8.6,31.0
Deuel,NE,10.3,36.2
Dixon,NE,7.9,34.8
Dodge,NE,9.7,34.5
Douglas,NE,9.8,29.5
Dundy,NE,12.2,37.5
Fillmore,NE,8.5,35.6
Franklin,NE,10.4,37.8
Frontier,NE,13.0,33.6
Furnas,NE,10.0,37.3
Gage,NE,8.5,32.8
Garden,NE,13.9,37.7
Garfield,NE,11.6,36.5
Gosper,NE,7.9,34.7
Grant,NE,9.2,36.5
Greeley,NE,12.2,35.5
Hall,NE,11.8,29.9
Hamilton,NE,6.7,33.3
Harlan,NE,9.9,37.4
Hayes,NE,14.7,38.2
Hitchcock,NE,12.0,38.4
Holt,NE,10.9,35.5
Hooker,NE,7.9,37.5
Howard,NE,8.8,35.1
Jefferson,NE,9.9,35.4
Johnson,NE,12.3,33.7
Kearney,NE,7.6,33.5
Keith,NE,11.7,35.7
Keya Paha,NE,17.3,38.5
Kimball,NE,11.0,35.7
Knox,NE,13.6,34.3
Lancaster,NE,9.4,29.7
Lincoln,NE,9.4,33.1
Logan,NE,9.3,35.0
Loup,NE,15.1,37.1
McPherson,NE,13.1,36.8
Madison,NE,10.6,31.5
Merrick,NE,9.6,33.7
Morrill,NE,12.5,32.5
Nance,NE,11.4,35.4
Nemaha,NE,11.8,31.1
Nuckolls,NE,9.8,36.7
Otoe,NE,8.4,34.0
Pawnee,NE,12.7,38.7
Perkins,NE,10.0,33.6
Phelps,NE,11.3,34.1
Pierce,NE,8.2,32.9
Platte,NE,6.6,29.7
Polk,NE,7.3,35.0
Red Willow,NE,9.5,35.1
Richardson,NE,9.5,36.2
Rock,NE,13.3,36.7
Saline,NE,8.0,30.0
Sarpy,NE,4.9,29.8
Saunders,NE,5.7,33.2
Scotts Bluff,NE,12.4,32.6
Seward,NE,6.8,30.5
Sheridan,NE,13.8,37.1
Sherman,NE,11.4,36.8
Sioux,NE,15.3,36.8
Stanton,NE,6.9,34.5
Thayer,NE,9.8,36.3
Thomas,NE,12.3,35.6
Thurston,NE,18.2,29.6
Valley,NE,11.2,35.1
Washington,NE,5.3,35.1
Wayne,NE,9.5,28.8
Webster,NE,10.2,34.6
Wheeler,NE,12.4,39.5
York,NE,9.3,31.5
Bernalillo,NM,15.3,28.6
Chaves,NM,19.2,33.4
Colfax,NM,17.2,36.1
Curry,NM,14.9,28.2
De Baca,NM,17.0,35.6
Eddy,NM,12.8,30.1
Guadalupe,NM,22.8,31.7
Harding,NM,15.1,38.9
Lea,NM,12.6,28.9
Lincoln,NM,16.9,35.1
Los Alamos,NM,3.3,30.7
Mora,NM,19.8,35.3
Otero,NM,15.5,32.8
Quay,NM,22.0,35.3
Rio Arriba,NM,19.7,32.1
Roosevelt,NM,18.2,27.6
San Miguel,NM,20.9,31.6
Santa Fe,NM,12.5,31.1
Taos,NM,18.9,34.1
Torrance,NM,21.4,32.7
Union,NM,19.0,32.2
Adair,OK,22.3,39.1
Alfalfa,OK,15.7,37.9
Atoka,OK,18.6,37.9
Beaver,OK,11.0,35.3
Beckham,OK,18.8,34.6
Blaine,OK,14.5,38.4
Bryan,OK,15.9,37.1
Caddo,OK,18.3,34.8
Canadian,OK,7.6,34.4
Carter,OK,19.0,36.4
Cherokee,OK,19.6,35.1
Choctaw,OK,19.5,39.2
Cimarron,OK,15.1,39.6
Cleveland,OK,10.8,31.3
Coal,OK,19.3,39.5
Comanche,OK,15.8,32.8
Cotton,OK,17.4,39.5
Craig,OK,17.5,37.5
Creek,OK,12.9,35.7
Custer,OK,12.8,33.5
Delaware,OK,18.1,38.7
Dewey,OK,10.6,37.1
Ellis,OK,11.2,39.5
Garfield,OK,11.8,33.2
Garvin,OK,16.7,38.9
Grady,OK,12.0,37.4
Grant,OK,11.7,37.8
Greer,OK,22.9,36.5
Harmon,OK,23.3,37.5
Harper,OK,10.5,37.2
Haskell,OK,19.4,38.6
Hughes,OK,21.4,37.0
Jackson,OK,15.0,33.8
Jefferson,OK,17.8,39.8
Johnston,OK,18.3,38.6
Kay,OK,15.3,38.8
Kingfisher,OK,9.0,36.5
Kiowa,OK,18.0,39.4
Latimer,OK,15.9,38.2
Le Flore,OK,18.1,39.0
Lincoln,OK,13.8,38.7
Logan,OK,11.0,34.9
Love,OK,11.7,37.5
McClain,OK,10.4,36.6
McCurtain,OK,18.9,38.0
McIntosh,OK,22.5,41.8
Major,OK,11.5,38.0
Marshall,OK,13.7,38.9
Mayes,OK,16.9,38.4
Murray,OK,14.3,38.3
Muskogee,OK,18.2,36.8
Noble,OK,11.8,38.1
Nowata,OK,16.5,38.3
Okfuskee,OK,21.7,37.7
Oklahoma,OK,15.2,32.4
Okmulgee,OK,14.6,36.8
Osage,OK,13.0,38.4
Ottawa,OK,18.5,36.9
Pawnee,OK,15.7,38.9
Payne,OK,20.1,30.0
Pittsburg,OK,16.5,38.0
Pontotoc,OK,14.4,34.9
Pottawatomie,OK,16.0,36.5
Pushmataha,OK,17.4,40.4
Roger Mills,OK,13.5,39.0
Rogers,OK,8.5,37.7
Seminole,OK,21.2,38.5
Sequoyah,OK,16.9,37.8
Stephens,OK,17.7,36.3
Texas,OK,11.1,33.4
Tillman,OK,21.9,39.0
Tulsa,OK,12.8,34.0
Wagoner,OK,10.2,36.7
Washington,OK,14.8,34.4
Washita,OK,14.7,37.6
Woods,OK,15.1,32.1
Woodward,OK,13.3,33.9
Aurora,SD,10.2,32.1
Beadle,SD,12.6,32.2
Bennett,SD,28.3,30.1
Bon Homme,SD,15.0,31.5
Brookings,SD,9.9,23.4
Brule,SD,13.7,32.7
Buffalo,SD,32.8,28.6
Charles Mix,SD,24.0,33.1
Clay,SD,16.2,24.1
Custer,SD,9.7,37.0
Davison,SD,10.7,31.2
Douglas,SD,11.8,34.2
Fall River,SD,15.4,36.9
Gregory,SD,15.1,35.9
Haakon,SD,11.7,35.3
Hand,SD,9.1,34.3
Hanson,SD,10.4,31.4
Hughes,SD,9.4,30.5
Hutchinson,SD,12.8,33.3
Hyde,SD,11.5,33.9
Jackson,SD,28.7,32.9
Jerauld,SD,14.4,34.0
Jones,SD,14.9,34.0
Kingsbury,SD,10.2,34.2
Lake,SD,9.9,32.6
Lawrence,SD,11.5,31.6
Lincoln,SD,4.5,28.7
Lyman,SD,23.9,32.1
McCook,SD,9.6,32.5
Meade,SD,8.7,27.3
Mellette,SD,29.9,30.8
Miner,SD,12.6,33.3
Minnehaha,SD,8.1,29.0
Moody,SD,9.4,31.7
Pennington,SD,12.1,33.5
Sanborn,SD,13.7,32.9
Oglala Lakota,SD,38.1,26.8
Stanley,SD,7.5,31.9
Todd,SD,42.5,28.5
Tripp,SD,19.3,34.4
Turner,SD,8.8,33.3
Union,SD,5.9,31.9
Yankton,SD,10.4,31.5
Andrews,TX,9.2,31.6
Archer,TX,6.9,38.3
Armstrong,TX,9.3,39.7
Bailey,TX,14.4,33.7
Baylor,TX,15.3,38.5
Borden,TX,7.5,38.7
Bowie,TX,17.4,35.0
Briscoe,TX,13.4,39.4
Callahan,TX,12.2,38.9
Camp,TX,16.7,35.9
Carson,TX,8.3,37.8
Cass,TX,17.7,39.4
Castro,TX,15.3,35.1
Childress,TX,21.4,31.6
Clay,TX,11.1,39.0
Cochran,TX,19.2,36.8
Collin,TX,6.2,33.8
Collingsworth,TX,16.9,36.4
Cooke,TX,11.3,36.4
Cottle,TX,17.9,40.8
Crosby,TX,19.8,37.1
Dallam,TX,11.1,33.3
Dallas,TX,13.7,30.8
Dawson,TX,18.7,34.9
Deaf Smith,TX,15.5,33.1
Delta,TX,14.3,38.3
Denton,TX,6.9,31.9
Dickens,TX,18.9,37.3
Donley,TX,16.3,38.2
Eastland,TX,17.0,38.3
Ellis,TX,7.9,33.0
Erath,TX,12.6,31.3
Fannin,TX,15.4,36.8
Fisher,TX,13.3,39.1
Floyd,TX,17.7,36.2
Foard,TX,16.8,40.9
Franklin,TX,12.9,37.4
Gaines,TX,11.1,32.7
Garza,TX,20.6,31.6
Gray,TX,14.2,35.9
Grayson,TX,13.6,36.1
Gregg,TX,18.1,34.8
Hale,TX,17.6,33.2
Hall,TX,18.6,39.7
Hansford,TX,10.7,35.5
Hardeman,TX,15.0,38.5
Harrison,TX,15.6,35.9
Hartley,TX,9.5,34.3
Haskell,TX,20.0,38.9
Hemphill,TX,9.5,34.3
Henderson,TX,14.2,39.3
Hockley,TX,12.9,34.2
Hood,TX,9.4,38.9
Hopkins,TX,12.7,36.3
Howard,TX,15.7,33.2
Hunt,TX,12.6,35.3
Hutchinson,TX,12.1,36.3
Jack,TX,13.6,35.7
Johnson,TX,9.5,35.3
Jones,TX,19.5,34.3
Kaufman,TX,9.2,32.4
Kent,TX,11.3,39.8
King,TX,12.4,39.0
Knox,TX,16.3,37.9
Lamar,TX,19.6,37.2
Lamb,TX,17.6,36.4
Lipscomb,TX,11.3,36.2
Lubbock,TX,15.8,31.5
Lynn,TX,14.4,37.1
Marion,TX,20.0,41.9
Martin,TX,11.1,33.2
Mitchell,TX,18.7,33.0
Montague,TX,12.4,39.1
Moore,TX,10.6,33.0
Morris,TX,17.0,38.0
Motley,TX,16.3,40.5
Nolan,TX,17.2,36.7
Ochiltree,TX,9.2,33.2
Oldham,TX,14.0,35.9
Palo Pinto,TX,13.9,37.9
Panola,TX,15.3,38.1
Parker,TX,8.0,35.5
Parmer,TX,12.2,34.7
Potter,TX,20.8,33.5
Rains,TX,13.6,40.4
Randall,TX,9.6,33.3
Red River,TX,15.7,40.4
Roberts,TX,6.4,38.4
Rockwall,TX,4.8,33.0
Rusk,TX,14.2,35.1
Scurry,TX,13.8,34.5
Shackelford,TX,12.5,38.8
Sherman,TX,11.3,35.4
Smith,TX,12.7,34.2
Somervell,TX,8.3,37.2
Stephens,TX,15.6,36.6
Stonewall,TX,14.3,40.8
Swisher,TX,19.6,36.0
Tarrant,TX,10.5,34.4
Taylor,TX,12.2,32.0
Terry,TX,18.5,35.3
Throckmorton,TX,13.5,41.3
Titus,TX,14.3,33.8
Upshur,TX,12.6,37.3
Van Zandt,TX,12.9,38.3
Wheeler,TX,13.5,37.8
Wichita,TX,16.0,33.2
Wilbarger,TX,14.6,37.3
Wise,TX,10.0,36.3
Wood,TX,13.5,40.1
Yoakum,TX,10.8,32.9
Young,TX,14.8,38.0
Albany,WY,15.3,23.7
Campbell,WY,7.3,27.4
Converse,WY,8.2,32.6
Crook,WY,7.3,32.9
Goshen,WY,12.8,32.7
Johnson,WY,8.9,33.7
Laramie,WY,7.4,28.1
Niobrara,WY,12.6,31.0
Platte,WY,9.9,33.5
Weston,WY,10.6,32.6
Adams,ID,13.7,37.9
Benewah,ID,12.5,35.5
Bonner,ID,12.6,36.5
Boundary,ID,14.0,34.4
Clearwater,ID,14.0,34.3
Idaho,ID,13.1,36.5
Kootenai,ID,8.6,31.4
Latah,ID,15.3,26.2
Lemhi,ID,15.3,34.6
Lewis,ID,12.9,37.6
Nez Perce,ID,11.6,31.8
Shoshone,ID,14.4,36.8
Valley,ID,8.7,33.2
Becker,MN,11.4,34.5
Beltrami,MN,12.1,30.1
Benton,MN,6.9,28.8
Big Stone,MN,10.9,35.4
Carver,MN,3.5,28.3
Cass,MN,12.6,35.0
Chippewa,MN,9.3,33.3
Clay,MN,8.8,26.7
Clearwater,MN,12.8,34.4
Crow Wing,MN,8.5,31.7
Douglas,MN,7.4,31.4
Grant,MN,9.3,34.0
Hubbard,MN,9.1,34.9
Itasca,MN,10.5,33.7
Kandiyohi,MN,8.2,31.2
Kittson,MN,10.3,33.9
Koochiching,MN,11.6,35.9
Lac qui Parle,MN,8.6,35.4
Lake of the Woods,MN,8.8,35.2
McLeod,MN,5.8,31.9
Mahnomen,MN,15.3,32.7
Marshall,MN,7.9,32.3
Meeker,MN,6.2,33.1
Morrison,MN,9.8,31.9
Norman,MN,10.5,32.9
Otter Tail,MN,7.8,36.0
Pennington,MN,8.2,31.9
Polk,MN,10.6,30.0
Pope,MN,7.9,34.1
Red Lake,MN,8.3,33.4
Renville,MN,8.6,32.4
Roseau,MN,7.3,32.9
Sherburne,MN,4.4,28.4
Stearns,MN,10.6,28.4
Stevens,MN,9.1,27.8
Swift,MN,9.5,33.9
Todd,MN,12.2,34.3
Traverse,MN,11.6,33.3
Wadena,MN,11.2,33.4
Wilkin,MN,8.3,32.1
Wright,MN,4.6,29.1
Yellow Medicine,MN,8.6,32.2
Beaverhead,MT,13.3,31.5
Big Horn,MT,28.9,29.1
Blaine,MT,20.9,29.0
Broadwater,MT,9.1,34.5
Carbon,MT,11.2,36.1
Carter,MT,14.7,35.1
Cascade,MT,13.5,28.8
Chouteau,MT,15.1,32.0
Custer,MT,11.5,31.7
Daniels,MT,11.2,35.3
Dawson,MT,10.8,32.4
Deer Lodge,MT,17.9,34.4
Fallon,MT,9.4,31.8
Fergus,MT,13.6,34.2
Flathead,MT,10.5,30.6
Gallatin,MT,8.8,24.0
Garfield,MT,15.0,35.1
Glacier,MT,24.3,30.6
Golden Valley,MT,18.6,35.4
Granite,MT,12.7,37.0
Hill,MT,18.9,30.0
Jefferson,MT,6.7,34.0
Judith Basin,MT,15.7,35.0
Lake,MT,18.3,34.2
Lewis and Clark,MT,10.2,32.2
Liberty,MT,19.0,34.8
Lincoln,MT,17.9,37.1
McCone,MT,14.5,34.8
Madison,MT,9.9,35.5
Meagher,MT,16.6,36.4
Mineral,MT,14.9,37.8
Missoula,MT,11.8,27.5
Musselshell,MT,15.4,36.7
Park,MT,10.9,34.5
Petroleum,MT,15.0,35.2
Phillips,MT,14.9,33.2
Pondera,MT,18.5,33.2
Powder River,MT,12.6,35.7
Powell,MT,16.5,33.5
Prairie,MT,12.8,36.7
Ravalli,MT,11.3,36.2
Richland,MT,8.0,29.8
Roosevelt,MT,23.8,29.1
Rosebud,MT,17.5,31.1
Sanders,MT,16.3,37.4
Sheridan,MT,11.8,32.8
Silver Bow,MT,13.2,31.6
Stillwater,MT,7.8,34.1
Sweet Grass,MT,9.3,34.8
Teton,MT,12.4,32.4
Toole,MT,15.8,32.5
Treasure,MT,12.5,36.6
Valley,MT,13.4,33.3
Wheatland,MT,20.9,36.1
Wibaux,MT,11.7,34.4
Yellowstone,MT,10.6,29.9
Adams,ND,10.8,36.3
Barnes,ND,9.9,34.3
Benson,ND,24.2,32.3
Billings,ND,10.0,34.6
Bottineau,ND,9.7,36.0
Bowman,ND,8.9,34.2
Burke,ND,7.9,35.1
Burleigh,ND,8.6,31.6
Cass,ND,9.7,27.2
Cavalier,ND,8.5,37.8
Dickey,ND,10.2,33.8
Divide,ND,10.7,37.8
Dunn,ND,10.0,32.9
Eddy,ND,11.2,36.2
Emmons,ND,13.7,37.1
Foster,ND,7.9,34.9
Golden Valley,ND,11.0,35.7
Grand Forks,ND,12.7,26.7
Grant,ND,13.5,38.1
Griggs,ND,9.6,37.1
Hettinger,ND,11.6,34.6
Kidder,ND,13.5,36.4
LaMoure,ND,10.9,37.3
Logan,ND,14.5,37.5
McHenry,ND,12.0,35.1
McIntosh,ND,12.2,39.8
McKenzie,ND,7.5,26.4
McLean,ND,8.4,35.4
Mercer,ND,8.0,34.4
Morton,ND,8.3,34.0
Mountrail,ND,11.0,29.6
Nelson,ND,9.8,36.7
Oliver,ND,10.7,36.2
Pembina,ND,7.6,35.5
Pierce,ND,11.0,34.5
Ramsey,ND,12.2,33.1
Ransom,ND,9.3,34.6
Renville,ND,7.7,35.6
Richland,ND,9.4,31.5
Rolette,ND,21.3,33.2
Sargent,ND,7.4,35.6
Sheridan,ND,16.6,38.9
Sioux,ND,28.3,30.0
Slope,ND,13.5,36.7
Stark,ND,10.0,30.9
Steele,ND,7.9,35.5
Stutsman,ND,10.6,33.4
Towner,ND,9.8,37.8
Traill,ND,7.0,32.9
Walsh,ND,10.6,33.9
Ward,ND,8.9,27.6
Wells,ND,10.9,36.7
Williams,ND,9.6,26.7
Baker,OR,14.5,36.3
Morrow,OR,11.5,30.7
Umatilla,OR,11.7,28.3
Union,OR,12.6,31.6
Wallowa,OR,11.6,36.5
Brown,SD,9.1,32.4
Butte,SD,12.5,33.8
Campbell,SD,10.7,35.6
Clark,SD,12.3,32.9
Codington,SD,9.0,28.9
Corson,SD,37.1,32.1
Day,SD,12.9,35.6
Deuel,SD,9.5,33.0
Dewey,SD,24.9,29.4
Edmunds,SD,12.2,32.4
Faulk,SD,18.7,33.4
Grant,SD,9.3,32.9
Hamlin,SD,8.9,30.8
Harding,SD,11.0,32.0
McPherson,SD,18.4,36.5
Marshall,SD,13.2,32.2
Perkins,SD,15.4,34.6
Potter,SD,9.4,35.6
Roberts,SD,17.8,32.5
Spink,SD,12.8,33.4
Sully,SD,7.8,34.9
Walworth,SD,15.0,34.3
Ziebach,SD,43.9,29.9
Adams,WA,12.7,30.2
Asotin,WA,14.1,36.7
Benton,WA,9.1,32.3
Columbia,WA,12.6,36.8
Douglas,WA,10.5,31.9
Ferry,WA,18.4,37.4
Franklin,WA,12.4,29.0
Garfield,WA,11.4,35.8
Grant,WA,13.6,34.0
Lincoln,WA,11.4,37.9
Pend Oreille,WA,14.7,38.6
Spokane,WA,13.4,31.4
Stevens,WA,15.0,35.0
Walla Walla,WA,12.9,30.4
Whitman,WA,15.7,24.6
Sheridan,WY,9.5,31.3
Baldwin,AL,8.9,37.9
Barbour,AL,25.5,38.6
Bullock,AL,30.8,36.1
Butler,AL,20.6,39.6
Choctaw,AL,20.4,40.0
Clarke,AL,19.5,38.0
Coffee,AL,13.9,35.3
Conecuh,AL,22.9,39.5
Covington,AL,17.1,40.6
Crenshaw,AL,16.8,39.7
Dale,AL,15.5,37.8
Escambia,AL,20.4,35.1
Geneva,AL,21.0,40.7
Henry,AL,16.2,38.9
Houston,AL,14.8,36.5
Mobile,AL,17.6,36.5
Monroe,AL,22.5,38.8
Pike,AL,19.7,32.6
Washington,AL,17.5,38.2
Wilcox,AL,22.2,38.8
Alachua,FL,17.2,27.6
Baker,FL,12.8,32.5
Bay,FL,12.4,33.5
Bradford,FL,17.5,34.9
Brevard,FL,9.9,34.9
Calhoun,FL,20.3,36.9
Charlotte,FL,9.8,41.2
Citrus,FL,12.6,42.4
Clay,FL,8.9,30.4
Collier,FL,10.1,35.9
Columbia,FL,15.6,34.9
DeSoto,FL,20.8,34.5
Dixie,FL,23.2,38.1
Duval,FL,15.2,31.3
Escambia,FL,13.5,31.8
Flagler,FL,9.4,37.8
Franklin,FL,19.1,36.5
Gadsden,FL,21.9,33.5
Gilchrist,FL,14.5,36.0
Glades,FL,18.1,35.5
Gulf,FL,15.1,37.5
Hamilton,FL,24.2,34.4
Hardee,FL,21.2,33.1
Hendry,FL,22.9,30.6
Hernando,FL,12.5,35.9
Highlands,FL,16.1,38.2
Hillsborough,FL,11.9,30.4
Holmes,FL,20.5,36.2
Indian River,FL,8.7,38.3
Jackson,FL,19.5,34.7
Jefferson,FL,17.2,37.5
Lafayette,FL,20.7,32.2
Lake,FL,9.2,35.4
Lee,FL,10.5,34.3
Leon,FL,17.6,26.9
Levy,FL,16.9,35.8
Liberty,FL,21.2,33.7
Madison,FL,23.8,36.2
Manatee,FL,10.9,35.1
Marion,FL,15.3,36.3
Monroe,FL,10.2,33.7
Nassau,FL,8.1,36.0
Okaloosa,FL,9.6,30.8
Okeechobee,FL,17.7,34.4
Orange,FL,12.7,28.2
Osceola,FL,11.8,30.4
Pasco,FL,11.4,34.4
Pinellas,FL,11.1,36.4
Polk,FL,14.4,35.0
Putnam,FL,24.3,38.8
St. Johns,FL,8.1,33.0
Santa Rosa,FL,9.4,33.0
Sarasota,FL,8.7,34.3
Seminole,FL,8.0,31.0
Sumter,FL,12.3,42.8
Suwannee,FL,17.7,37.2
Taylor,FL,19.3,34.6
Union,FL,20.7,34.5
Volusia,FL,11.6,35.2
Wakulla,FL,10.3,33.0
Walton,FL,11.4,34.8
Washington,FL,20.4,34.8
Appling,GA,19.9,37.1
Atkinson,GA,21.6,34.7
Bacon,GA,21.1,36.0
Baker,GA,23.7,38.1
Ben Hill,GA,22.3,36.1
Berrien,GA,18.9,36.8
Brantley,GA,17.8,38.0
Brooks,GA,20.6,37.1
Bryan,GA,8.0,29.8
Calhoun,GA,34.4,35.2
Camden,GA,9.4,31.5
Charlton,GA,25.5,35.3
Chatham,GA,15.6,31.4
Clay,GA,24.1,40.7
Clinch,GA,20.4,37.1
Coffee,GA,23.1,33.9
Colquitt,GA,20.4,35.1
Cook,GA,19.5,37.2
Crisp,GA,24.5,37.2
Decatur,GA,25.6,35.4
Dougherty,GA,27.4,33.2
Early,GA,24.0,37.6
Echols,GA,20.6,33.3
Glynn,GA,15.5,36.5
Grady,GA,18.7,36.5
Irwin,GA,20.9,35.4
Jeff Davis,GA,20.0,36.3
Lanier,GA,19.6,35.0
Lee,GA,10.1,33.4
Liberty,GA,14.7,29.2
Long,GA,16.7,31.6
Lowndes,GA,20.3,31.2
McIntosh,GA,19.9,39.6
Miller,GA,19.8,37.7
Mitchell,GA,38.2,35.0
Pierce,GA,16.5,37.0
Quitman,GA,23.1,42.5
Randolph,GA,27.4,39.4
Seminole,GA,22.9,38.4
Stewart,GA,31.3,28.9
Sumter,GA,24.3,35.5
Tattnall,GA,20.7,33.7
Telfair,GA,29.9,36.1
Terrell,GA,27.8,37.2
Thomas,GA,16.2,34.7
Tift,GA,20.5,33.3
Turner,GA,22.2,37.3
Ware,GA,26.0,35.8
Wayne,GA,19.7,35.4
Webster,GA,18.6,38.6
Wheeler,GA,35.6,33.2
Wilcox,GA,27.9,35.2
Worth,GA,18.2,36.8
Acadia,LA,20.7,39.5
Allen,LA,21.1,35.6
Ascension,LA,9.6,35.0
Assumption,LA,15.8,37.9
Avoyelles,LA,21.6,39.0
Beauregard,LA,14.5,37.2
Calcasieu,LA,16.6,33.9
Caldwell,LA,21.4,39.1
Cameron,LA,13.1,38.2
Catahoula,LA,28.4,38.0
Concordia,LA,28.6,37.4
East Baton Rouge,LA,16.4,31.8
East Feliciana,LA,19.9,38.0
Evangeline,LA,24.5,37.3
Grant,LA,18.2,36.0
Iberia,LA,22.5,37.0
Iberville,LA,23.7,37.2
Jefferson,LA,16.1,36.4
Jefferson Davis,LA,17.6,36.6
Lafayette,LA,16.2,33.8
Lafourche,LA,14.5,36.2
La Salle,LA,17.3,37.3
Livingston,LA,11.7,34.9
Natchitoches,LA,21.7,35.4
Orleans,LA,21.1,34.2
Plaquemines,LA,16.6,35.2
Pointe Coupee,LA,17.3,40.0
Rapides,LA,18.7,37.6
Red River,LA,23.7,38.6
Sabine,LA,22.1,38.8
St. Bernard,LA,21.3,36.4
St. Charles,LA,11.3,35.5
St. Helena,LA,22.7,37.9
St. James,LA,13.0,35.9
St. John the Baptist,LA,16.9,35.0
St. Landry,LA,22.6,38.5
St. Martin,LA,17.0,36.1
St. Mary,LA,19.8,38.3
St. Tammany,LA,10.0,38.3
Tangipahoa,LA,20.1,34.0
Tensas,LA,30.8,42.9
Terrebonne,LA,15.7,37.9
Vermilion,LA,15.4,37.2
Vernon,LA,16.1,32.6
Washington,LA,22.5,38.9
West Baton Rouge,LA,14.6,34.7
West Feliciana,LA,21.9,36.3
Winn,LA,22.6,37.7
Adams,MS,27.2,36.5
Amite,MS,21.7,42.0
Claiborne,MS,34.1,34.2
Clarke,MS,19.2,39.9
Copiah,MS,22.5,38.6
Covington,MS,20.3,39.0
Forrest,MS,24.9,35.3
Franklin,MS,21.4,40.7
George,MS,17.8,38.1
Greene,MS,21.4,36.6
Hancock,MS,15.6,39.6
Harrison,MS,16.8,36.9
Jackson,MS,13.4,36.7
Jasper,MS,19.3,39.0
Jefferson,MS,30.8,38.2
Jefferson Davis,MS,25.2,40.5
Jones,MS,18.8,37.1
Lamar,MS,12.6,34.9
Lawrence,MS,19.1,38.9
Lincoln,MS,18.7,37.2
Marion,MS,19.2,39.6
Pearl River,MS,15.8,39.3
Perry,MS,18.1,40.2
Pike,MS,26.5,37.5
Simpson,MS,21.2,38.3
Smith,MS,16.1,39.6
Stone,MS,17.4,37.8
Walthall,MS,23.5,39.7
Wayne,MS,22.1,37.8
Wilkinson,MS,28.4,38.7
Bibb,AL,17.8,36.9
Colbert,AL,14.4,35.7
Fayette,AL,16.5,40.5
Franklin,AL,17.2,36.2
Greene,AL,27.9,39.9
Hale,AL,21.9,37.9
Lamar,AL,17.4,40.3
Lauderdale,AL,13.9,35.4
Lawrence,AL,15.4,37.8
Marengo,AL,18.3,37.5
Marion,AL,16.8,39.6
Perry,AL,30.7,36.2
Pickens,AL,22.7,36.6
Sumter,AL,29.2,34.3
Tuscaloosa,AL,14.4,31.9
Walker,AL,16.4,36.7
Winston,AL,17.4,41.4
Arkansas,AR,17.2,39.0
Ashley,AR,17.1,39.6
Baxter,AR,14.4,42.1
Boone,AR,14.1,39.6
Bradley,AR,20.6,37.7
Calhoun,AR,16.2,40.4
Carroll,AR,14.1,38.6
Chicot,AR,26.8,40.4
Clark,AR,20.1,35.1
Clay,AR,18.1,41.1
Cleburne,AR,14.5,42.6
Cleveland,AR,13.8,41.4
Columbia,AR,18.3,36.8
Conway,AR,15.8,38.7
Craighead,AR,16.8,35.8
Crittenden,AR,22.9,38.5
Cross,AR,21.2,38.9
Dallas,AR,19.5,41.3
Desha,AR,22.8,39.1
Drew,AR,18.4,36.7
Faulkner,AR,12.0,34.8
Fulton,AR,17.0,44.0
Garland,AR,15.7,40.3
Grant,AR,9.9,38.2
Greene,AR,17.1,36.6
Hot Spring,AR,14.9,39.3
Independence,AR,15.0,38.6
Izard,AR,20.1,41.0
Jackson,AR,23.1,39.5
Jefferson,AR,18.9,37.3
Johnson,AR,17.3,38.1
Lafayette,AR,19.8,42.8
Lawrence,AR,19.2,38.8
Lee,AR,36.8,38.6
Lincoln,AR,23.6,35.5
Lonoke,AR,10.9,36.2
Marion,AR,19.1,43.8
Mississippi,AR,21.0,38.2
Monroe,AR,23.8,42.0
Montgomery,AR,18.8,43.8
Nevada,AR,19.1,40.1
Newton,AR,18.7,42.6
Ouachita,AR,20.5,38.4
Perry,AR,14.7,40.3
Phillips,AR,22.1,39.8
Pike,AR,18.6,40.6
Poinsett,AR,21.2,40.8
Pope,AR,14.1,35.9
Prairie,AR,14.5,41.2
Pulaski,AR,15.3,35.2
Randolph,AR,16.3,41.1
St. Francis,AR,30.1,37.0
Saline,AR,8.2,37.1
Searcy,AR,22.3,43.6
Sharp,AR,18.1,43.5
Stone,AR,20.1,44.9
Union,AR,16.9,38.5
Van Buren,AR,16.4,45.2
White,AR,14.8,38.1
Woodruff,AR,22.6,41.0
Yell,AR,14.3,38.3
Alexander,IL,24.2,37.9
Franklin,IL,15.5,36.1
Gallatin,IL,15.6,38.0
Hamilton,IL,13.0,36.6
Hardin,IL,18.0,38.5
Jackson,IL,17.2,30.0
Jefferson,IL,12.5,35.5
Johnson,IL,14.9,35.0
Massac,IL,14.8,36.5
Monroe,IL,4.1,34.5
Perry,IL,15.1,34.8
Pope,IL,15.6,38.6
Pulaski,IL,20.4,37.2
Randolph,IL,12.0,35.0
Saline,IL,15.3,36.4
Union,IL,14.0,36.1
Washington,IL,7.6,35.2
White,IL,15.4,36.1
Williamson,IL,13.9,34.4
Gibson,IN,9.3,34.1
Posey,IN,9.3,35.4
Vanderburgh,IN,14.6,35.5
Warrick,IN,6.4,34.7
Ballard,KY,14.2,40.0
Caldwell,KY,15.3,39.6
Calloway,KY,15.6,34.6
Carlisle,KY,14.4,39.9
Christian,KY,16.9,30.1
Crittenden,KY,16.8,39.6
Fulton,KY,25.2,39.4
Graves,KY,18.2,37.8
Henderson,KY,13.4,38.5
Hickman,KY,20.9,42.0
Hopkins,KY,18.1,39.6
Livingston,KY,14.0,41.2
Lyon,KY,14.4,41.2
McCracken,KY,15.5,35.4
McLean,KY,13.6,38.9
Marshall,KY,10.3,38.3
Todd,KY,17.3,37.1
Trigg,KY,16.7,39.8
Union,KY,17.5,34.5
Webster,KY,15.6,38.6
Bienville,LA,22.8,40.3
Bossier,LA,17.8,37.2
Claiborne,LA,31.9,38.6
East Carroll,LA,37.6,37.6
Franklin,LA,24.1,38.3
Jackson,LA,20.9,38.9
Lincoln,LA,21.7,31.0
Madison,LA,33.6,36.6
Morehouse,LA,23.3,39.0
Ouachita,LA,23.7,37.5
Richland,LA,22.5,39.6
Union,LA,26.7,39.6
Webster,LA,19.7,39.1
West Carroll,LA,20.8,39.2
Alcorn,MS,17.0,38.5
Attala,MS,18.8,39.4
Benton,MS,19.8,39.3
Bolivar,MS,28.1,37.3
Calhoun,MS,17.1,39.5
Carroll,MS,15.6,42.3
Chickasaw,MS,24.8,38.8
Choctaw,MS,18.7,40.9
Clay,MS,21.5,38.5
Coahoma,MS,39.6,36.3
DeSoto,MS,9.5,35.4
Grenada,MS,21.4,38.2
Hinds,MS,25.9,33.3
Holmes,MS,34.5,37.5
Humphreys,MS,33.3,39.5
Issaquena,MS,43.3,37.4
Itawamba,MS,13.9,38.5
Kemper,MS,25.2,37.8
Lafayette,MS,17.6,30.6
Lauderdale,MS,22.5,37.0
Leake,MS,21.0,38.4
Lee,MS,13.3,37.2
Leflore,MS,25.3,34.6
Lowndes,MS,16.5,35.5
Madison,MS,12.6,35.2
Marshall,MS,22.7,37.3
Monroe,MS,17.5,40.0
Montgomery,MS,21.2,41.0
Neshoba,MS,18.9,37.2
Newton,MS,16.3,37.9
Noxubee,MS,26.2,37.3
Oktibbeha,MS,23.5,27.9
Panola,MS,21.0,37.9
Pontotoc,MS,12.8,37.6
Prentiss,MS,16.5,40.0
Quitman,MS,29.9,39.1
Rankin,MS,10.0,36.5
Scott,MS,18.3,37.9
Sharkey,MS,30.3,40.1
Sunflower,MS,34.8,35.2
Tallahatchie,MS,32.0,36.8
Tate,MS,14.0,39.3
Tippah,MS,16.5,38.5
Tishomingo,MS,14.6,40.9
Tunica,MS,26.7,35.4
Union,MS,13.5,36.9
Warren,MS,19.2,38.7
Washington,MS,27.7,38.7
Webster,MS,15.7,39.0
Winston,MS,21.8,40.0
Yalobusha,MS,21.2,38.3
Yazoo,MS,31.0,34.5
Benton,MO,16.8,42.7
Bollinger,MO,16.3,37.4
Butler,MO,21.2,37.0
Camden,MO,14.0,40.6
Cape Girardeau,MO,11.9,32.5
Carter,MO,20.3,37.6
Christian,MO,8.8,34.0
Crawford,MO,16.3,38.5
Dallas,MO,24.1,38.8
Dent,MO,15.1,38.7
Douglas,MO,17.8,40.9
Dunklin,MO,20.2,38.1
Greene,MO,14.3,33.1
Hickory,MO,19.6,42.9
Howell,MO,18.4,36.2
Iron,MO,19.5,38.8
Jefferson,MO,8.9,35.1
Laclede,MO,16.3,36.8
Madison,MO,16.3,37.3
Maries,MO,12.9,38.5
Miller,MO,13.9,35.6
Mississippi,MO,19.1,35.5
New Madrid,MO,18.9,39.8
Oregon,MO,22.0,40.7
Ozark,MO,20.3,42.9
Pemiscot,MO,35.3,38.3
Perry,MO,11.7,35.4
Phelps,MO,17.5,33.0
Polk,MO,15.6,35.3
Pulaski,MO,12.5,25.4
Reynolds,MO,19.4,39.2
Ripley,MO,21.3,39.9
Ste. Genevieve,MO,9.0,37.9
St. Francois,MO,16.2,34.2
Scott,MO,14.6,35.9
Shannon,MO,21.8,39.7
Stoddard,MO,16.8,38.5
Stone,MO,14.2,42.2
Taney,MO,15.6,37.2
Texas,MO,20.3,38.1
Washington,MO,19.4,37.6
Wayne,MO,23.2,40.7
Webster,MO,15.0,36.3
Wright,MO,18.3,38.4
Benton,TN,16.9,42.2
Carroll,TN,16.7,38.0
Chester,TN,15.2,35.0
Crockett,TN,15.2,38.1
Decatur,TN,17.1,41.4
Dickson,TN,11.0,36.2
Dyer,TN,16.7,35.3
Fayette,TN,10.2,39.4
Gibson,TN,13.4,36.3
Hardeman,TN,22.0,37.5
Hardin,TN,14.8,40.2
Haywood,TN,18.7,37.4
Henderson,TN,14.6,37.3
Henry,TN,17.8,40.1
Hickman,TN,14.4,36.8
Houston,TN,15.6,39.3
Humphreys,TN,13.9,38.3
Lake,TN,36.4,36.2
Lauderdale,TN,19.8,36.5
Lawrence,TN,15.2,37.3
Lewis,TN,14.3,39.6
McNairy,TN,15.0,41.0
Madison,TN,22.2,34.5
Montgomery,TN,10.8,29.1
Obion,TN,15.1,38.8
Perry,TN,16.1,40.8
Shelby,TN,19.1,33.1
Stewart,TN,13.2,38.3
Tipton,TN,12.7,34.6
Wayne,TN,20.2,37.7
Weakley,TN,16.9,35.5
Adams,IL,10.7,33.9
Bond,IL,10.8,34.1
Boone,IL,6.8,32.2
Brown,IL,16.7,29.8
Bureau,IL,10.0,35.9
Calhoun,IL,9.2,37.4
Carroll,IL,10.5,36.3
Cass,IL,12.2,33.8
Champaign,IL,15.1,26.9
Christian,IL,9.9,35.4
Clark,IL,10.4,35.3
Clay,IL,13.3,36.4
Clinton,IL,7.1,33.7
Coles,IL,17.5,32.0
Cook,IL,12.9,29.3
Crawford,IL,11.0,34.5
Cumberland,IL,8.9,36.5
DeKalb,IL,10.8,28.5
De Witt,IL,9.9,35.5
Douglas,IL,8.2,34.6
DuPage,IL,5.9,32.5
Edgar,IL,11.7,36.7
Edwards,IL,10.7,36.1
Effingham,IL,9.3,34.2
Fayette,IL,14.7,35.4
Ford,IL,9.5,35.1
Fulton,IL,13.2,35.2
Greene,IL,13.3,36.2
Grundy,IL,5.9,31.3
Hancock,IL,11.2,36.1
Henderson,IL,10.6,37.4
Henry,IL,9.6,35.0
Iroquois,IL,11.2,37.4
Jasper,IL,9.6,35.8
Jersey,IL,8.5,35.0
Jo Daviess,IL,9.1,38.3
Kane,IL,7.3,32.1
Kankakee,IL,13.6,32.2
Kendall,IL,3.9,28.8
Knox,IL,13.4,35.9
Lake,IL,7.0,30.2
LaSalle,IL,11.4,33.9
Lawrence,IL,16.5,33.1
Lee,IL,10.6,33.5
Livingston,IL,9.9,35.4
Logan,IL,11.6,32.4
McDonough,IL,16.8,31.1
McHenry,IL,6.3,31.1
McLean,IL,10.7,29.0
Macon,IL,12.8,34.2
Macoupin,IL,10.8,35.7
Madison,IL,11.0,34.2
Marion,IL,14.2,36.4
Marshall,IL,9.3,36.4
Mason,IL,13.4,36.9
Menard,IL,7.9,34.9
Mercer,IL,8.8,35.3
Montgomery,IL,13.5,36.1
Morgan,IL,12.4,35.3
Moultrie,IL,9.1,35.5
Ogle,IL,8.3,34.8
Peoria,IL,14.2,34.1
Piatt,IL,6.4,35.2
Pike,IL,13.5,36.4
Putnam,IL,7.3,36.0
Richland,IL,11.9,35.8
Rock Island,IL,13.5,33.1
St. Clair,IL,13.8,31.8
Sangamon,IL,12.8,34.2
Schuyler,IL,11.7,36.5
Scott,IL,10.8,36.1
Shelby,IL,8.9,36.9
Stark,IL,10.8,36.8
Stephenson,IL,11.2,36.9
Tazewell,IL,7.6,33.5
Vermilion,IL,18.6,35.6
Wabash,IL,11.7,35.8
Warren,IL,10.7,33.6
Wayne,IL,12.9,36.9
Whiteside,IL,9.1,35.9
Will,IL,7.2,31.7
Winnebago,IL,14.6,33.4
Woodford,IL,6.2,33.5
Benton,IN,10.7,35.1
Fountain,IN,10.9,37.2
Knox,IN,15.9,35.9
Lake,IN,15.8,31.1
Newton,IN,10.5,36.1
Parke,IN,14.3,37.4
Pike,IN,9.7,37.4
Sullivan,IN,15.5,35.6
Vermillion,IN,11.9,36.2
Vigo,IN,20.7,33.7
Warren,IN,8.1,36.6
Allamakee,IA,10.9,33.8
Appanoose,IA,14.6,37.1
Benton,IA,7.5,34.2
Black Hawk,IA,12.2,30.5
Bremer,IA,5.6,32.6
Buchanan,IA,8.3,34.2
Butler,IA,8.4,35.3
Cedar,IA,7.3,33.9
Cerro Gordo,IA,10.6,34.9
Chickasaw,IA,8.3,35.0
Clayton,IA,10.4,38.0
Clinton,IA,12.5,35.8
Davis,IA,11.7,34.3
Delaware,IA,8.4,35.6
Des Moines,IA,13.0,34.7
Dubuque,IA,8.9,31.5
Fayette,IA,11.8,34.8
Floyd,IA,9.3,35.9
Franklin,IA,10.5,33.8
Grundy,IA,5.5,35.1
Hardin,IA,9.6,35.7
Henry,IA,10.8,32.8
Howard,IA,10.5,35.6
Iowa,IA,6.4,33.0
Jackson,IA,11.4,35.5
Jasper,IA,8.5,34.5
Jefferson,IA,14.8,34.1
Johnson,IA,14.1,25.3
Jones,IA,9.9,35.2
Keokuk,IA,13.7,36.2
Lee,IA,11.5,35.1
Linn,IA,8.1,32.1
Louisa,IA,9.1,32.4
Lucas,IA,13.5,36.2
Mahaska,IA,10.2,33.5
Marion,IA,8.0,32.8
Marshall,IA,10.1,33.6
Mitchell,IA,8.9,35.0
Monroe,IA,11.4,35.0
Muscatine,IA,10.2,34.5
Polk,IA,11.5,31.3
Poweshiek,IA,11.6,33.3
Scott,IA,12.1,31.8
Story,IA,12.4,25.5
Tama,IA,10.8,33.5
Van Buren,IA,14.4,36.5
Wapello,IA,15.5,33.8
Warren,IA,4.9,31.5
Washington,IA,7.1,35.0
Wayne,IA,13.0,36.6
Winneshiek,IA,9.2,33.0
Worth,IA,8.5,33.7
Dodge,MN,5.9,29.7
Fillmore,MN,8.2,32.9
Freeborn,MN,10.0,33.1
Goodhue,MN,7.2,32.3
Houston,MN,6.4,33.3
Mower,MN,8.7,30.4
Olmsted,MN,6.4,29.5
Rice,MN,8.4,29.0
Steele,MN,7.3,31.4
Wabasha,MN,6.1,34.5
Waseca,MN,7.6,30.3
Winona,MN,11.0,28.0
Adair,MO,17.9,29.8
Audrain,MO,17.8,36.2
Boone,MO,12.8,28.6
Callaway,MO,11.4,34.9
Carroll,MO,13.4,36.8
Chariton,MO,12.0,39.2
Clark,MO,12.3,38.7
Cole,MO,9.3,34.3
Cooper,MO,13.6,34.1
Franklin,MO,9.1,36.9
Gasconade,MO,11.2,37.7
Grundy,MO,15.1,37.9
Howard,MO,12.7,34.9
Knox,MO,14.2,38.8
Lewis,MO,14.4,35.7
Lincoln,MO,9.4,33.5
Linn,MO,14.7,36.9
Livingston,MO,12.8,35.7
Macon,MO,13.0,38.4
Marion,MO,14.3,35.9
Mercer,MO,13.6,38.0
Moniteau,MO,11.6,33.6
Monroe,MO,13.0,38.0
Montgomery,MO,13.0,38.4
Morgan,MO,15.0,40.9
Osage,MO,8.5,35.5
Pettis,MO,15.5,36.0
Pike,MO,14.9,34.1
Putnam,MO,15.2,38.0
Ralls,MO,11.4,37.4
Randolph,MO,12.1,34.8
St. Charles,MO,5.0,33.3
St. Louis County,MO,9.1,31.5
Saline,MO,13.1,35.6
Schuyler,MO,15.2,36.4
Scotland,MO,14.3,36.4
Shelby,MO,14.6,38.1
Sullivan,MO,15.6,35.7
Warren,MO,9.0,35.5
St. Louis City,MO,20.8,29.4
Adams,WI,12.3,40.3
Brown,WI,8.5,32.9
Buffalo,WI,8.0,36.8
Calumet,WI,4.5,33.2
Columbia,WI,6.9,35.0
Crawford,WI,13.3,37.8
Dane,WI,9.6,30.7
Dodge,WI,7.2,34.9
Fond du Lac,WI,7.6,35.2
Grant,WI,12.0,33.0
Green,WI,7.4,34.4
Green Lake,WI,9.7,36.6
Iowa,WI,7.2,35.2
Jackson,WI,12.7,35.5
Jefferson,WI,7.3,33.3
Juneau,WI,11.9,36.1
Kenosha,WI,11.0,31.3
Kewaunee,WI,6.7,35.9
La Crosse,WI,10.0,30.8
Lafayette,WI,8.8,36.5
Manitowoc,WI,7.9,37.6
Marquette,WI,10.3,38.4
Milwaukee,WI,19.0,32.3
Monroe,WI,10.5,33.8
Outagamie,WI,6.6,32.4
Ozaukee,WI,4.3,35.5
Pepin,WI,9.1,37.3
Portage,WI,8.3,32.7
Racine,WI,9.4,35.2
Richland,WI,13.4,36.6
Rock,WI,9.3,32.8
Sauk,WI,8.1,35.1
Sheboygan,WI,7.6,33.7
Trempealeau,WI,7.3,34.9
Vernon,WI,11.9,37.3
Walworth,WI,8.3,32.2
Washington,WI,5.1,33.7
Waukesha,WI,4.2,33.7
Waupaca,WI,8.0,35.7
Waushara,WI,10.5,37.7
Winnebago,WI,8.7,34.0
Wood,WI,9.4,36.1
Autauga,AL,11.2,36.4
Blount,AL,13.1,37.5
Calhoun,AL,14.5,36.1
Chambers,AL,16.3,37.7
Cherokee,AL,14.7,40.5
Chilton,AL,13.9,35.1
Clay,AL,14.2,39.7
Cleburne,AL,14.2,39.1
Coosa,AL,17.4,41.4
Cullman,AL,12.5,38.0
Dallas,AL,26.7,38.7
DeKalb,AL,15.2,37.9
Elmore,AL,11.5,36.8
Etowah,AL,15.6,38.0
Jackson,AL,15.3,40.0
Jefferson,AL,14.4,31.9
Lee,AL,17.9,31.8
Limestone,AL,10.4,36.3
Lowndes,AL,21.9,37.5
Macon,AL,27.9,34.6
Madison,AL,10.5,33.1
Marshall,AL,15.4,39.0
Montgomery,AL,20.4,33.6
Morgan,AL,14.4,36.3
Randolph,AL,17.5,38.5
Russell,AL,20.3,34.7
St. Clair,AL,10.5,37.7
Shelby,AL,7.0,34.8
Talladega,AL,16.9,37.2
Tallapoosa,AL,15.2,39.2
Bartow,GA,10.2,34.6
Butts,GA,20.8,35.5
Carroll,GA,16.8,32.0
Catoosa,GA,10.1,36.1
Chattahoochee,GA,15.6,20.7
Chattooga,GA,18.8,37.6
Cherokee,GA,6.7,33.8
Clayton,GA,16.8,29.3
Cobb,GA,9.2,29.5
Coweta,GA,8.6,33.3
Crawford,GA,16.1,37.7
Dade,GA,13.0,36.4
Dawson,GA,8.7,36.3
DeKalb,GA,15.8,29.8
Douglas,GA,11.5,32.8
Fannin,GA,15.6,40.4
Fayette,GA,5.3,33.9
Floyd,GA,18.4,34.1
Forsyth,GA,5.1,33.9
Fulton,GA,13.0,29.1
Gilmer,GA,14.0,38.9
Gordon,GA,11.8,35.4
Gwinnett,GA,10.4,31.2
Haralson,GA,15.5,37.6
Harris,GA,9.0,36.6
Heard,GA,16.4,36.7
Henry,GA,8.7,31.7
Lamar,GA,13.8,34.6
Lumpkin,GA,12.5,33.3
Macon,GA,31.1,35.6
Marion,GA,20.6,38.1
Meriwether,GA,22.1,36.6
Monroe,GA,12.8,36.6
Murray,GA,15.9,35.7
Muscogee,GA,21.1,31.0
Paulding,GA,7.3,31.8
Pickens,GA,10.5,37.1
Pike,GA,10.1,35.8
Polk,GA,16.3,34.2
Rockdale,GA,12.7,33.8
Schley,GA,15.0,36.2
Spalding,GA,17.9,34.8
Talbot,GA,20.8,39.2
Taylor,GA,23.2,38.7
Troup,GA,16.4,34.0
Union,GA,12.9,41.0
Upson,GA,15.2,37.7
Walker,GA,14.1,35.9
Whitfield,GA,13.0,32.4
Crawford,IN,15.6,37.9
Dubois,IN,6.7,34.8
Floyd,IN,11.5,32.3
Harrison,IN,8.8,36.5
Perry,IN,12.3,34.9
Spencer,IN,7.9,36.2
Adair,KY,22.1,40.7
Allen,KY,15.3,37.9
Anderson,KY,10.0,36.8
Barren,KY,17.3,37.9
Bourbon,KY,14.1,38.3
Boyle,KY,14.0,35.8
Breckinridge,KY,17.1,40.5
Bullitt,KY,8.7,36.1
Butler,KY,17.1,39.3
Casey,KY,22.7,39.3
Clark,KY,14.4,37.2
Clinton,KY,21.5,40.4
Cumberland,KY,21.0,41.6
Daviess,KY,13.4,38.8
Edmonson,KY,15.8,39.7
Estill,KY,20.6,40.1
Fayette,KY,14.6,31.7
Franklin,KY,12.8,37.2
Garrard,KY,14.0,38.7
Grayson,KY,20.5,38.5
Green,KY,20.1,40.6
Hancock,KY,14.4,38.2
Hardin,KY,11.2,35.6
Hart,KY,22.1,38.5
Jackson,KY,24.0,38.8
Jefferson,KY,11.4,35.3
Jessamine,KY,10.5,35.7
Larue,KY,14.7,38.5
Laurel,KY,17.9,38.3
Lincoln,KY,18.4,39.4
Logan,KY,15.1,37.8
McCreary,KY,36.2,39.7
Madison,KY,15.5,33.8
Marion,KY,15.7,38.7
Meade,KY,11.6,35.6
Mercer,KY,13.1,38.3
Metcalfe,KY,21.4,40.6
Monroe,KY,22.5,40.3
Montgomery,KY,15.7,37.9
Muhlenberg,KY,16.9,39.5
Nelson,KY,9.2,36.6
Nicholas,KY,16.8,39.7
Ohio,KY,15.0,39.0
Pulaski,KY,19.1,39.6
Rockcastle,KY,22.4,39.5
Russell,KY,18.1,40.4
Scott,KY,8.0,31.9
Shelby,KY,8.4,35.5
Simpson,KY,12.0,37.0
Spencer,KY,6.8,36.2
Taylor,KY,15.9,37.5
Warren,KY,18.7,32.2
Washington,KY,14.2,38.1
Wayne,KY,23.6,40.5
Whitley,KY,21.7,36.7
Woodford,KY,9.1,37.0
Cherokee,NC,15.1,41.3
Anderson,TN,13.3,39.3
Bedford,TN,13.0,33.5
Bledsoe,TN,20.8,39.4
Blount,TN,9.2,39.1
Bradley,TN,13.8,34.8
Campbell,TN,20.0,38.6
Cannon,TN,13.3,38.4
Cheatham,TN,8.7,36.2
Clay,TN,21.0,42.0
Coffee,TN,13.8,36.5
Cumberland,TN,12.0,41.7
Davidson,TN,12.8,30.3
DeKalb,TN,17.5,38.4
Fentress,TN,19.4,41.1
Franklin,TN,13.9,37.2
Giles,TN,12.5,36.5
Grundy,TN,18.2,40.1
Hamilton,TN,13.3,36.1
Jackson,TN,16.8,40.5
Knox,TN,10.9,33.9
Lincoln,TN,12.4,39.1
Loudon,TN,10.6,40.2
McMinn,TN,14.0,38.0
Macon,TN,16.7,37.3
Marion,TN,14.7,39.1
Marshall,TN,12.1,36.5
Maury,TN,9.9,36.0
Meigs,TN,16.0,39.1
Monroe,TN,13.8,37.9
Moore,TN,9.8,38.7
Morgan,TN,18.8,38.7
Overton,TN,16.3,39.5
Pickett,TN,16.5,42.8
Polk,TN,12.4,39.8
Putnam,TN,17.0,34.7
Rhea,TN,15.0,37.4
Roane,TN,13.5,39.8
Robertson,TN,9.2,35.2
Rutherford,TN,8.8,30.1
Scott,TN,19.8,38.8
Sequatchie,TN,16.1,39.5
Smith,TN,11.7,36.7
Sumner,TN,9.6,34.7
Trousdale,TN,15.4,32.0
Van Buren,TN,16.1,41.6
Warren,TN,16.5,37.2
White,TN,13.8,38.5
Williamson,TN,4.1,32.2
Wilson,TN,8.0,35.4
Baldwin,GA,22.6,31.9
Banks,GA,11.6,36.8
Barrow,GA,10.1,32.8
Bibb,GA,28.0,33.3
Bleckley,GA,18.5,33.6
Bulloch,GA,20.7,29.4
Burke,GA,20.0,34.9
Candler,GA,20.1,36.4
Clarke,GA,24.6,27.3
Columbia,GA,6.7,30.6
Dodge,GA,21.4,36.9
Dooly,GA,27.0,35.8
Effingham,GA,8.1,32.0
Elbert,GA,23.8,38.1
Emanuel,GA,26.4,35.5
Evans,GA,19.6,35.7
Franklin,GA,16.3,36.8
Glascock,GA,15.5,37.5
Greene,GA,15.3,39.8
Habersham,GA,13.7,34.8
Hall,GA,12.7,33.7
Hancock,GA,30.7,37.8
Hart,GA,14.4,37.9
Houston,GA,10.8,32.6
Jackson,GA,9.1,33.2
Jasper,GA,14.0,37.2
Jefferson,GA,21.1,37.2
Jenkins,GA,28.0,34.7
Johnson,GA,25.9,36.6
Jones,GA,11.6,36.2
Laurens,GA,20.7,37.0
Lincoln,GA,16.5,39.4
McDuffie,GA,16.7,36.9
Madison,GA,14.5,36.6
Montgomery,GA,19.3,34.0
Morgan,GA,11.6,35.7
Newton,GA,14.4,32.9
Oconee,GA,6.0,32.8
Oglethorpe,GA,13.4,37.1
Peach,GA,19.2,34.0
Pulaski,GA,20.4,37.0
Putnam,GA,16.3,38.8
Rabun,GA,13.8,39.6
Richmond,GA,25.5,31.4
Screven,GA,20.7,37.0
Stephens,GA,16.9,36.4
Taliaferro,GA,23.2,39.2
Toombs,GA,22.2,35.9
Towns,GA,13.2,40.0
Treutlen,GA,23.4,36.2
Twiggs,GA,20.0,39.4
Walton,GA,11.4,34.9
Warren,GA,23.4,39.4
Washington,GA,21.3,35.2
White,GA,12.5,38.0
Wilkes,GA,20.2,38.3
Wilkinson,GA,20.1,38.2
Bath,KY,22.5,39.0
Bell,KY,29.8,42.1
Boyd,KY,15.8,37.0
Breathitt,KY,27.9,40.6
Carter,KY,18.5,39.7
Clay,KY,37.3,39.9
Elliott,KY,28.8,40.2
Fleming,KY,14.6,39.2
Floyd,KY,28.3,43.4
Harlan,KY,28.0,41.1
Johnson,KY,22.5,39.6
Knott,KY,27.7,41.8
Knox,KY,27.8,38.9
Lawrence,KY,22.3,41.0
Lee,KY,32.1,40.3
Leslie,KY,25.8,41.1
Letcher,KY,24.4,39.6
Magoffin,KY,30.9,40.0
Martin,KY,31.9,36.7
Menifee,KY,22.7,40.4
Morgan,KY,24.5,39.0
Owsley,KY,30.6,40.8
Perry,KY,22.0,38.4
Pike,KY,23.7,40.5
Powell,KY,20.5,38.2
Rowan,KY,24.4,35.3
Wolfe,KY,29.7,42.9
Alexander,NC,11.8,36.9
Alleghany,NC,18.1,41.1
Ashe,NC,14.5,39.6
Avery,NC,15.8,37.4
Buncombe,NC,13.9,33.4
Burke,NC,18.4,36.5
Caldwell,NC,13.0,37.8
Catawba,NC,11.6,35.8
Clay,NC,16.4,42.0
Cleveland,NC,15.0,36.5
Gaston,NC,11.8,35.5
Graham,NC,16.6,39.2
Haywood,NC,13.6,37.5
Henderson,NC,11.0,37.9
Iredell,NC,9.7,35.3
Jackson,NC,16.6,34.7
Lincoln,NC,11.9,36.1
McDowell,NC,15.2,37.1
Macon,NC,12.9,40.8
Madison,NC,14.0,37.5
Mecklenburg,NC,11.0,29.7
Mitchell,NC,14.0,38.9
Polk,NC,12.0,40.7
Rutherford,NC,19.1,37.5
Surry,NC,15.4,37.5
Swain,NC,13.9,36.4
Transylvania,NC,12.6,40.4
Watauga,NC,15.8,32.1
Wilkes,NC,14.4,39.0
Yadkin,NC,12.1,37.8
Yancey,NC,14.9,39.2
Abbeville,SC,15.3,39.5
Aiken,SC,13.0,35.9
Allendale,SC,31.6,38.1
Anderson,SC,14.0,37.1
Bamberg,SC,21.0,38.2
Barnwell,SC,21.6,39.5
Beaufort,SC,9.6,38.7
Calhoun,SC,15.5,40.4
Cherokee,SC,14.6,37.1
Chester,SC,18.3,40.3
Colleton,SC,20.1,38.5
Edgefield,SC,16.8,36.7
Fairfield,SC,17.6,40.3
Greenville,SC,12.1,33.7
Greenwood,SC,16.4,38.0
Hampton,SC,19.6,37.6
Jasper,SC,18.4,37.5
Lancaster,SC,11.4,38.3
Laurens,SC,18.4,37.7
Lexington,SC,10.4,35.4
McCormick,SC,17.0,45.3
Newberry,SC,16.4,35.8
Oconee,SC,11.1,38.3
Orangeburg,SC,19.1,38.3
Pickens,SC,15.3,36.3
Richland,SC,16.0,30.0
Saluda,SC,17.4,38.1
Spartanburg,SC,14.2,37.5
Union,SC,14.9,40.4
York,SC,8.8,35.3
Carter,TN,16.1,40.2
Claiborne,TN,18.9,38.1
Cocke,TN,19.7,41.2
Grainger,TN,14.2,39.5
Greene,TN,16.4,39.4
Hamblen,TN,15.0,37.5
Hancock,TN,28.6,41.8
Hawkins,TN,15.5,40.4
Jefferson,TN,12.9,38.4
Johnson,TN,18.6,40.0
Sevier,TN,13.8,38.9
Sullivan,TN,13.6,42.2
Unicoi,TN,16.2,38.8
Union,TN,16.9,39.1
Washington,TN,13.2,36.7
Bland,VA,12.1,37.2
Buchanan,VA,23.7,40.4
Carroll,VA,13.2,38.2
Dickenson,VA,19.3,40.0
Giles,VA,10.7,36.8
Grayson,VA,16.2,38.9
Lee,VA,26.0,38.4
Pulaski,VA,12.5,38.1
Russell,VA,16.2,38.5
Scott,VA,17.6,38.6
Smyth,VA,15.2,37.4
Tazewell,VA,16.4,37.6
Washington,VA,13.2,37.9
Wise,VA,20.3,37.9
Wythe,VA,12.0,38.0
Bristol,VA,17.2,36.8
Galax,VA,18.8,36.8
Norton,VA,20.5,34.9
Boone,WV,17.8,39.6
Fayette,WV,20.8,38.5
Kanawha,WV,15.7,41.4
Lincoln,WV,20.6,40.0
Logan,WV,22.3,41.3
McDowell,WV,31.8,44.0
Mercer,WV,15.1,41.7
Mingo,WV,24.9,42.0
Nicholas,WV,19.0,40.9
Raleigh,WV,21.8,41.0
Summers,WV,21.1,41.0
Wayne,WV,17.1,39.9
Wyoming,WV,21.3,40.6
Adams,IN,11.8,34.5
Allen,IN,11.4,30.3
Bartholomew,IN,9.1,34.2
Blackford,IN,13.4,37.6
Boone,IN,5.2,32.7
Brown,IN,9.9,38.6
Carroll,IN,7.8,35.8
Cass,IN,10.7,34.0
Clark,IN,8.6,34.5
Clay,IN,9.8,36.5
Clinton,IN,10.0,33.5
Daviess,IN,10.9,34.4
Dearborn,IN,7.8,33.5
Decatur,IN,10.0,34.7
DeKalb,IN,8.8,35.2
Delaware,IN,19.4,33.4
Elkhart,IN,9.8,32.4
Fayette,IN,13.5,36.9
Franklin,IN,7.7,34.9
Fulton,IN,12.0,35.1
Grant,IN,16.7,35.1
Greene,IN,11.2,36.0
Hamilton,IN,4.2,29.7
Hancock,IN,5.1,34.2
Hendricks,IN,5.2,34.1
Henry,IN,10.8,36.6
Howard,IN,11.5,36.5
Huntington,IN,9.1,35.1
Jackson,IN,10.3,34.3
Jasper,IN,8.3,35.5
Jay,IN,13.9,36.1
Jefferson,IN,12.7,34.8
Jennings,IN,10.8,35.6
Johnson,IN,6.7,33.8
Kosciusko,IN,8.2,34.2
LaGrange,IN,8.8,34.9
LaPorte,IN,12.1,36.3
Lawrence,IN,11.8,37.1
Madison,IN,12.1,34.6
Marion,IN,14.4,31.1
Marshall,IN,9.3,34.1
Martin,IN,11.2,36.7
Miami,IN,13.1,35.6
Monroe,IN,18.2,28.5
Montgomery,IN,10.8,35.6
Morgan,IN,8.5,34.5
Noble,IN,9.9,33.8
Ohio,IN,9.8,38.0
Orange,IN,13.0,37.7
Owen,IN,11.7,37.9
Porter,IN,8.6,31.6
Pulaski,IN,11.2,36.3
Putnam,IN,11.3,34.5
Randolph,IN,12.4,36.8
Ripley,IN,9.5,34.7
Rush,IN,9.7,36.1
St. Joseph,IN,12.7,31.2
Scott,IN,13.9,36.8
Shelby,IN,9.4,36.7
Starke,IN,14.2,36.0
Steuben,IN,9.6,35.0
Switzerland,IN,14.0,37.0
Tippecanoe,IN,16.1,28.4
Tipton,IN,7.3,36.7
Union,IN,10.0,36.2
Wabash,IN,10.6,36.2
Washington,IN,13.4,36.3
Wayne,IN,15.1,35.3
Wells,IN,8.2,35.1
White,IN,9.0,36.0
Whitley,IN,7.2,35.8
Boone,KY,6.5,34.7
Bracken,KY,13.2,38.1
Campbell,KY,10.6,35.9
Carroll,KY,16.2,37.7
Gallatin,KY,13.3,37.4
Grant,KY,12.8,37.6
Greenup,KY,13.0,38.6
Harrison,KY,13.5,38.6
Henry,KY,14.2,38.0
Kenton,KY,11.0,35.1
Lewis,KY,22.2,41.3
Mason,KY,15.7,36.4
Oldham,KY,5.0,35.6
Owen,KY,15.1,39.9
Pendleton,KY,13.6,38.5
Robertson,KY,17.9,41.0
Trimble,KY,12.2,38.4
Allegan,MI,7.3,34.0
Arenac,MI,12.8,40.4
Barry,MI,7.6,37.3
Bay,MI,12.7,37.0
Benzie,MI,9.5,38.5
Berrien,MI,15.1,35.9
Branch,MI,14.1,36.1
Calhoun,MI,15.1,35.9
Cass,MI,11.1,37.7
Clare,MI,18.0,40.7
Clinton,MI,7.9,34.7
Eaton,MI,7.8,35.6
Genesee,MI,18.3,37.6
Gladwin,MI,16.6,41.2
Gratiot,MI,13.7,33.9
Hillsdale,MI,12.6,37.7
Huron,MI,11.6,38.1
Ingham,MI,13.8,31.4
Ionia,MI,9.6,32.8
Iosco,MI,13.8,41.1
Isabella,MI,17.4,29.1
Jackson,MI,12.6,35.9
Kalamazoo,MI,12.0,32.1
Kent,MI,11.1,31.5
Lake,MI,19.2,42.7
Lapeer,MI,8.2,36.4
Lenawee,MI,9.5,33.7
Livingston,MI,5.3,33.5
Macomb,MI,9.2,37.0
Manistee,MI,12.4,38.2
Mason,MI,12.3,37.6
Mecosta,MI,13.6,34.1
Midland,MI,10.1,35.6
Missaukee,MI,12.6,36.9
Monroe,MI,9.7,35.0
Montcalm,MI,13.1,34.6
Muskegon,MI,12.3,37.2
Newaygo,MI,12.3,36.5
Oakland,MI,7.8,34.4
Oceana,MI,13.3,37.9
Ogemaw,MI,15.1,40.7
Osceola,MI,14.2,38.2
Ottawa,MI,6.7,31.1
Roscommon,MI,15.8,42.0
Saginaw,MI,15.9,35.8
St. Clair,MI,12.4,36.6
St. Joseph,MI,13.0,36.9
Sanilac,MI,15.3,39.3
Shiawassee,MI,11.6,36.1
Tuscola,MI,11.4,36.7
Van Buren,MI,14.1,35.2
Washtenaw,MI,12.0,27.9
Wayne,MI,20.0,34.7
Wexford,MI,11.4,37.3
Adams,OH,20.6,37.2
Allen,OH,12.9,31.6
Ashland,OH,11.4,33.4
Ashtabula,OH,16.5,36.7
Athens,OH,22.0,26.8
Auglaize,OH,5.9,32.5
Belmont,OH,12.7,35.1
Brown,OH,13.6,35.1
Butler,OH,10.1,31.2
Carroll,OH,11.6,34.3
Champaign,OH,10.1,33.2
Clark,OH,14.3,36.6
Clermont,OH,9.2,33.0
Clinton,OH,11.3,33.7
Columbiana,OH,13.9,34.2
Coshocton,OH,14.9,34.4
Crawford,OH,12.1,37.4
Cuyahoga,OH,15.3,32.2
Darke,OH,10.2,35.5
Defiance,OH,8.5,33.0
Delaware,OH,3.7,30.2
Erie,OH,10.9,36.1
Fairfield,OH,7.5,32.2
Fayette,OH,13.8,34.4
Franklin,OH,15.4,29.5
Fulton,OH,8.3,32.3
Gallia,OH,16.1,33.8
Geauga,OH,6.2,35.8
Greene,OH,9.0,31.1
Guernsey,OH,13.5,34.8
Hamilton,OH,12.7,29.1
Hancock,OH,9.3,33.2
Hardin,OH,15.1,32.2
Harrison,OH,13.7,35.4
Henry,OH,8.0,33.0
Highland,OH,14.9,34.8
Hocking,OH,14.7,35.1
Holmes,OH,8.4,32.5
Huron,OH,9.8,32.5
Jackson,OH,15.9,36.0
Jefferson,OH,15.3,34.5
Knox,OH,10.9,31.3
Lake,OH,7.9,33.7
Lawrence,OH,19.8,36.1
Licking,OH,9.8,33.0
Logan,OH,10.1,34.1
Lorain,OH,11.9,32.6
Lucas,OH,17.5,31.2
Madison,OH,9.5,31.7
Mahoning,OH,15.8,34.5
Marion,OH,14.3,35.2
Medina,OH,5.9,32.8
Meigs,OH,18.8,37.2
Mercer,OH,5.5,32.4
Miami,OH,8.0,33.1
Monroe,OH,14.6,37.7
Montgomery,OH,14.7,33.0
Morgan,OH,15.0,35.8
Morrow,OH,9.0,33.8
Muskingum,OH,15.0,34.8
Noble,OH,15.0,39.9
Ottawa,OH,7.7,36.4
Paulding,OH,9.3,34.0
Perry,OH,13.1,35.8
Pickaway,OH,12.5,31.3
Pike,OH,17.4,37.1
Portage,OH,9.9,32.1
Preble,OH,8.8,34.7
Putnam,OH,6.5,31.4
Richland,OH,12.7,34.8
Ross,OH,15.0,31.4
Sandusky,OH,10.4,32.2
Scioto,OH,22.8,37.2
Seneca,OH,10.4,32.4
Shelby,OH,9.3,32.1
Stark,OH,13.2,31.9
Summit,OH,12.1,30.4
Trumbull,OH,15.8,33.9
Tuscarawas,OH,11.6,31.8
Union,OH,5.0,29.0
Van Wert,OH,7.4,35.1
Vinton,OH,16.1,37.7
Warren,OH,5.2,31.7
Washington,OH,13.4,32.8
Wayne,OH,9.0,33.2
Williams,OH,10.3,32.2
Wood,OH,9.9,29.4
Wyandot,OH,7.0,35.0
Braxton,WV,17.8,39.5
Cabell,WV,19.9,33.9
Calhoun,WV,20.0,40.4
Clay,WV,23.3,41.6
Doddridge,WV,17.0,39.4
Gilmer,WV,23.0,34.5
Jackson,WV,14.2,39.9
Marshall,WV,13.7,40.2
Mason,WV,17.1,40.1
Ohio,WV,18.1,38.0
Pleasants,WV,13.0,37.0
Putnam,WV,9.9,37.9
Ritchie,WV,16.4,41.3
Roane,WV,20.7,40.7
Tyler,WV,14.4,40.5
Wetzel,WV,15.9,39.2
Wirt,WV,18.0,40.4
Wood,WV,14.4,38.3
Broward,FL,11.0,32.1
Martin,FL,11.1,36.3
Miami-Dade,FL,15.0,31.3
Palm Beach,FL,12.0,33.0
St. Lucie,FL,13.8,34.6
St. Mary's,MD,7.3,34.0
Somerset,MD,22.2,35.2
Worcester,MD,11.7,39.9
Alamance,NC,15.1,34.4
Anson,NC,20.7,35.8
Beaufort,NC,18.1,37.7
Bertie,NC,22.8,37.7
Bladen,NC,21.6,38.3
Brunswick,NC,11.2,41.7
Cabarrus,NC,8.0,33.2
Camden,NC,7.4,35.4
Carteret,NC,9.3,38.5
Caswell,NC,15.4,37.3
Chatham,NC,9.6,36.4
Chowan,NC,17.3,38.4
Columbus,NC,21.3,37.1
Craven,NC,13.2,33.4
Cumberland,NC,18.5,29.0
Currituck,NC,9.6,35.4
Dare,NC,8.8,37.8
Davidson,NC,12.0,36.7
Davie,NC,9.6,37.2
Duplin,NC,18.3,36.0
Durham,NC,11.7,29.1
Edgecombe,NC,24.1,37.0
Forsyth,NC,13.0,33.1
Franklin,NC,12.0,35.7
Gates,NC,13.2,37.3
Granville,NC,15.0,35.2
Greene,NC,21.3,34.5
Guilford,NC,13.3,32.6
Halifax,NC,23.9,37.9
Harnett,NC,14.4,31.5
Hertford,NC,20.7,35.2
Hoke,NC,15.0,31.0
Hyde,NC,20.0,38.1
Johnston,NC,11.4,33.9
Jones,NC,18.3,39.2
Lee,NC,15.4,33.8
Lenoir,NC,17.2,36.3
Martin,NC,20.1,38.6
Montgomery,NC,16.0,36.4
Moore,NC,9.3,36.3
Nash,NC,14.9,35.4
New Hanover,NC,10.2,33.9
Northampton,NC,21.7,39.5
Onslow,NC,12.5,27.1
Orange,NC,10.3,29.1
Pamlico,NC,14.7,40.7
Pasquotank,NC,14.0,33.7
Pender,NC,12.3,37.3
Perquimans,NC,14.4,39.6
Person,NC,13.5,36.3
Pitt,NC,17.1,31.7
Randolph,NC,14.2,36.2
Richmond,NC,21.5,36.1
Robeson,NC,26.6,36.4
Rockingham,NC,13.8,37.4
Rowan,NC,14.4,35.1
Sampson,NC,21.2,35.3
Scotland,NC,29.7,37.0
Stanly,NC,14.5,36.2
Stokes,NC,12.1,38.2
Tyrrell,NC,20.8,36.5
Union,NC,7.0,32.7
Vance,NC,21.3,36.5
Wake,NC,7.4,30.2
Warren,NC,22.8,38.9
Washington,NC,24.3,39.1
Wayne,NC,14.9,33.6
Wilson,NC,21.2,35.6
Berkeley,SC,11.1,34.7
Charleston,SC,11.9,34.1
Chesterfield,SC,19.7,39.3
Clarendon,SC,18.4,40.0
Darlington,SC,18.9,38.5
Dillon,SC,22.2,39.3
Dorchester,SC,12.1,36.0
Florence,SC,17.1,34.7
Georgetown,SC,15.1,40.7
Horry,SC,12.8,38.4
Kershaw,SC,14.4,38.4
Lee,SC,23.0,36.9
Marion,SC,21.8,38.0
Marlboro,SC,26.0,38.9
Sumter,SC,20.5,34.8
Williamsburg,SC,25.4,40.1
Accomack,VA,17.6,36.5
Albemarle,VA,6.3,31.4
Alleghany,VA,11.7,38.0
Amelia,VA,9.0,38.1
Amherst,VA,11.2,35.7
Appomattox,VA,12.6,35.1
Augusta,VA,8.3,37.4
Bath,VA,11.2,39.9
Bedford County,VA,6.8,36.4
Botetourt,VA,6.6,36.7
Brunswick,VA,20.2,35.9
Buckingham,VA,16.8,35.4
Campbell,VA,8.9,35.5
Caroline,VA,9.8,33.4
Charles City,VA,9.9,37.9
Charlotte,VA,17.2,39.1
Chesterfield,VA,6.6,32.6
Craig,VA,10.4,37.4
Cumberland,VA,13.5,36.5
Dinwiddie,VA,11.1,35.2
Essex,VA,12.3,37.7
Floyd,VA,10.9,35.9
Fluvanna,VA,6.8,34.5
Franklin County,VA,11.5,38.5
Gloucester,VA,7.9,34.8
Goochland,VA,5.8,36.2
Greene,VA,8.1,35.6
Greensville,VA,21.5,33.6
Halifax,VA,17.8,36.5
Hanover,VA,5.0,34.6
Henrico,VA,8.3,31.3
Henry,VA,12.9,37.4
Isle of Wight,VA,7.6,36.0
James City,VA,6.5,36.5
King and Queen,VA,11.1,37.8
King George,VA,6.0,30.8
King William,VA,6.2,33.7
Lancaster,VA,10.3,41.5
Louisa,VA,7.9,37.4
Lunenburg,VA,16.5,36.2
Mathews,VA,8.5,39.5
Mecklenburg,VA,15.4,38.2
Middlesex,VA,11.6,40.6
Montgomery,VA,19.3,27.3
Nelson,VA,10.7,38.4
New Kent,VA,4.6,34.8
Northampton,VA,16.2,37.5
Northumberland,VA,12.3,39.5
Nottoway,VA,19.2,34.7
Orange,VA,9.4,35.9
Patrick,VA,14.2,38.6
Pittsylvania,VA,14.0,38.2
Powhatan,VA,5.3,34.4
Prince Edward,VA,23.6,29.4
Prince George,VA,8.2,32.4
Richmond County,VA,16.0,34.1
Roanoke County,VA,6.0,35.6
Rockbridge,VA,10.5,38.6
Southampton,VA,12.5,37.1
Spotsylvania,VA,6.6,32.5
Surry,VA,11.6,37.4
Sussex,VA,18.9,32.5
Westmoreland,VA,12.9,37.2
York,VA,4.7,32.6
Buena Vista,VA,14.0,35.2
Charlottesville,VA,15.8,26.5
Chesapeake,VA,7.6,32.3
Colonial Heights,VA,8.7,33.7
Covington,VA,14.8,36.8
Danville,VA,22.1,35.1
Emporia,VA,19.1,36.1
Franklin City,VA,18.1,35.2
Fredericksburg,VA,12.2,27.8
Hampton,VA,13.4,30.0
Hopewell,VA,17.4,33.0
Lexington,VA,18.5,26.1
Lynchburg,VA,15.5,27.0
Martinsville,VA,21.3,34.5
Newport News,VA,14.5,28.7
Norfolk,VA,17.6,25.8
Petersburg,VA,20.8,32.4
Poquoson,VA,4.7,34.7
Portsmouth,VA,15.3,30.2
Radford,VA,24.6,24.6
Richmond City,VA,17.9,29.4
Roanoke City,VA,15.9,32.7
Salem,VA,9.0,34.2
Staunton,VA,12.3,33.9
Suffolk,VA,9.0,33.8
Virginia Beach,VA,8.1,31.0
Waynesboro,VA,11.3,34.2
Williamsburg,VA,16.8,26.7
Greenbrier,WV,17.8,39.6
Monroe,WV,15.3,41.8
Kent,DE,13.0,32.7
New Castle,DE,10.1,31.7
Sussex,DE,11.0,40.0
District of Columbia,DC,15.0,26.6
Allegany,MD,14.7,31.7
Anne Arundel,MD,5.2,32.2
Baltimore County,MD,8.9,33.1
Calvert,MD,5.3,34.9
Caroline,MD,12.4,36.2
Carroll,MD,5.2,35.5
Cecil,MD,8.8,35.5
Charles,MD,7.4,33.3
Dorchester,MD,14.9,35.7
Frederick,MD,6.2,34.4
Garrett,MD,12.8,37.5
Harford,MD,6.2,34.0
Howard,MD,5.5,33.0
Kent,MD,12.0,36.1
Montgomery,MD,6.7,33.4
Prince George's,MD,9.5,32.7
Queen Anne's,MD,6.9,33.9
Talbot,MD,9.6,37.3
Washington,MD,12.3,34.6
Wicomico,MD,14.2,34.0
Baltimore City,MD,20.0,30.9
Allegany,NY,15.1,33.6
Broome,NY,18.4,34.0
Cattaraugus,NY,16.3,36.0
Cayuga,NY,11.7,36.7
Chautauqua,NY,14.8,34.1
Chemung,NY,14.5,33.9
Chenango,NY,11.5,34.4
Cortland,NY,11.7,30.9
Delaware,NY,12.8,36.8
Erie,NY,13.2,32.8
Franklin,NY,15.9,33.6
Fulton,NY,13.9,34.1
Genesee,NY,10.2,32.9
Greene,NY,11.2,35.8
Hamilton,NY,8.7,39.6
Herkimer,NY,12.1,34.4
Jefferson,NY,13.1,29.9
Lewis,NY,11.4,34.1
Livingston,NY,10.3,32.3
Madison,NY,10.4,34.4
Monroe,NY,13.9,30.7
Montgomery,NY,11.9,33.8
Niagara,NY,11.7,34.4
Oneida,NY,12.4,34.9
Onondaga,NY,12.8,32.9
Ontario,NY,8.8,33.4
Orange,NY,10.6,31.9
Orleans,NY,13.2,34.5
Oswego,NY,14.2,32.3
Otsego,NY,12.8,32.4
Richmond,NY,10.6,30.8
St. Lawrence,NY,14.7,34.0
Schoharie,NY,11.0,34.4
Schuyler,NY,11.8,35.5
Seneca,NY,12.1,33.9
Steuben,NY,12.1,35.2
Sullivan,NY,12.7,33.1
Tioga,NY,9.3,34.5
Tompkins,NY,12.4,26.8
Ulster,NY,12.7,34.0
Wayne,NY,9.7,35.2
Wyoming,NY,9.6,34.5
Yates,NY,12.9,34.8
Adams,PA,8.0,34.9
Allegheny,PA,10.5,30.6
Armstrong,PA,11.7,35.0
Beaver,PA,9.1,37.0
Bedford,PA,11.0,36.5
Berks,PA,10.9,31.8
Blair,PA,11.6,35.4
Bradford,PA,10.7,35.5
Bucks,PA,6.0,33.9
Butler,PA,7.4,33.0
Cambria,PA,12.5,35.0
Cameron,PA,13.5,39.2
Carbon,PA,11.3,36.0
Centre,PA,12.9,28.2
Chester,PA,5.2,32.0
Clarion,PA,12.8,33.8
Clearfield,PA,14.3,34.7
Clinton,PA,13.4,33.7
Columbia,PA,11.7,33.2
Crawford,PA,12.7,34.5
Cumberland,PA,7.6,31.4
Dauphin,PA,11.6,33.1
Delaware,PA,9.3,31.5
Elk,PA,8.3,36.9
Erie,PA,13.4,34.9
Fayette,PA,18.7,35.2
Forest,PA,22.9,33.3
Franklin,PA,9.4,33.5
Fulton,PA,10.6,36.2
Greene,PA,12.7,33.9
Huntingdon,PA,10.7,34.1
Indiana,PA,13.4,33.1
Jefferson,PA,11.0,36.0
Juniata,PA,10.0,36.1
Lackawanna,PA,12.2,31.8
Lancaster,PA,7.7,31.0
Lawrence,PA,12.9,34.1
Lebanon,PA,9.0,32.6
Lehigh,PA,11.7,31.6
Luzerne,PA,15.1,34.0
Lycoming,PA,13.2,33.0
McKean,PA,13.9,34.4
Mercer,PA,12.4,34.7
Mifflin,PA,13.2,36.0
Monroe,PA,10.5,31.8
Montgomery,PA,5.6,31.4
Montour,PA,9.0,35.0
Northampton,PA,7.6,31.8
Northumberland,PA,12.1,36.0
Perry,PA,8.5,34.7
Philadelphia,PA,19.4,30.8
Pike,PA,9.3,35.8
Potter,PA,12.2,37.1
Schuylkill,PA,12.7,35.3
Snyder,PA,10.1,33.5
Somerset,PA,11.7,36.2
Sullivan,PA,12.3,38.2
Susquehanna,PA,11.6,37.0
Tioga,PA,11.5,35.3
Union,PA,11.1,30.3
Venango,PA,14.0,37.0
Warren,PA,11.1,36.5
Washington,PA,8.6,33.9
Wayne,PA,10.5,36.5
Westmoreland,PA,9.3,36.8
Wyoming,PA,10.4,33.7
York,PA,7.1,31.9
Arlington,VA,6.0,27.5
Clarke,VA,6.2,36.6
Culpeper,VA,8.5,33.6
Fairfax County,VA,5.3,31.2
Fauquier,VA,6.0,33.8
Frederick,VA,7.4,33.8
Highland,VA,12.2,42.5
Loudoun,VA,3.2,29.7
Madison,VA,9.4,37.2
Page,VA,11.3,37.1
Prince William,VA,4.9,28.7
Rappahannock,VA,8.9,38.8
Rockingham,VA,8.3,34.4
Shenandoah,VA,10.1,37.9
Stafford,VA,5.4,31.2
Warren,VA,10.1,34.9
Alexandria,VA,8.0,29.5
Fairfax City,VA,7.2,31.2
Falls Church,VA,3.3,30.1
Harrisonburg,VA,22.2,25.3
Manassas,VA,7.9,29.7
Manassas Park,VA,6.7,28.8
Winchester,VA,13.2,32.8
Barbour,WV,20.8,36.7
Berkeley,WV,10.0,34.8
Brooke,WV,11.9,37.5
Grant,WV,13.3,41.2
Hampshire,WV,13.7,39.3
Hancock,WV,12.0,39.0
Hardy,WV,13.5,39.9
Harrison,WV,13.6,37.0
Jefferson,WV,7.8,36.0
Lewis,WV,13.9,39.5
Marion,WV,13.2,36.5
Mineral,WV,13.8,37.8
Monongalia,WV,15.2,29.1
Morgan,WV,11.0,40.7
Pendleton,WV,11.5,42.1
Pocahontas,WV,18.1,41.4
Preston,WV,15.7,36.8
Randolph,WV,15.2,39.8
Taylor,WV,13.7,41.4
Tucker,WV,13.8,40.3
Upshur,WV,17.1,37.8
Webster,WV,23.7,41.7
Fairfield,CT,8.8,31.1
Hartford,CT,10.7,32.9
Litchfield,CT,7.4,35.1
Middlesex,CT,7.7,33.1
New Haven,CT,11.2,32.4
New London,CT,8.0,32.6
Tolland,CT,6.9,29.8
Windham,CT,10.4,33.5
Androscoggin,ME,11.7,32.7
Cumberland,ME,8.6,30.3
Kennebec,ME,11.2,33.4
Knox,ME,10.2,38.0
Lincoln,ME,8.8,35.8
Oxford,ME,13.0,35.5
Sagadahoc,ME,9.2,34.5
Waldo,ME,11.6,34.5
York,ME,8.1,32.6
Barnstable,MA,7.7,35.5
Berkshire,MA,10.0,33.0
Bristol,MA,10.1,30.1
Dukes,MA,7.5,32.7
Essex,MA,9.0,29.3
Franklin,MA,10.7,32.1
Hampden,MA,14.3,29.6
Hampshire,MA,9.3,24.9
Middlesex,MA,7.1,28.4
Nantucket,MA,5.3,28.6
Norfolk,MA,5.9,31.0
Plymouth,MA,7.2,32.2
Suffolk,MA,16.5,24.8
Worcester,MA,9.5,30.8
Belknap,NH,7.4,35.1
Carroll,NH,7.5,37.4
Cheshire,NH,8.8,29.2
Grafton,NH,8.6,30.5
Hillsborough,NH,7.1,30.4
Merrimack,NH,6.7,29.4
Rockingham,NH,4.6,33.1
Strafford,NH,8.2,30.9
Sullivan,NH,8.9,34.2
Albany,NY,11.3,30.9
Bronx,NY,24.4,31.4
Columbia,NY,10.2,34.9
Dutchess,NY,8.3,31.6
Essex,NY,10.2,35.8
Kings,NY,17.8,28.1
Nassau,NY,5.7,33.9
New York,NY,16.3,30.8
Putnam,NY,5.7,32.3
Queens,NY,10.3,32.5
Rensselaer,NY,10.4,31.4
Rockland,NY,14.4,31.4
Saratoga,NY,6.3,33.2
Schenectady,NY,10.9,33.1
Suffolk,NY,6.1,30.4
Warren,NY,8.9,33.8
Washington,NY,11.2,33.8
Westchester,NY,7.6,29.4
Bristol,RI,8.2,31.9
Kent,RI,7.5,32.7
Newport,RI,9.5,31.7
Providence,RI,12.4,29.8
Washington,RI,7.8,31.7
Addison,VT,8.4,30.0
Bennington,VT,10.4,30.5
Caledonia,VT,11.0,31.0
Chittenden,VT,8.5,26.7
Lamoille,VT,8.1,29.5
Orange,VT,9.6,33.1
Rutland,VT,12.0,32.4
Washington,VT,8.0,30.1
Windham,VT,11.3,31.0
Windsor,VT,8.6,32.6
Aroostook,ME,15.3,38.7
Franklin,ME,12.9,34.8
Hancock,ME,10.3,36.6
Penobscot,ME,12.1,34.4
Piscataquis,ME,14.6,39.1
Somerset,ME,14.5,36.6
Washington,ME,12.0,37.7
Alcona,MI,14.0,43.3
Alger,MI,12.1,38.3
Alpena,MI,15.6,40.0
Antrim,MI,11.3,39.6
Baraga,MI,12.7,37.4
Charlevoix,MI,8.7,40.0
Cheboygan,MI,12.7,40.1
Chippewa,MI,13.9,35.3
Crawford,MI,13.6,40.4
Delta,MI,11.3,39.0
Dickinson,MI,9.7,38.0
Emmet,MI,8.7,36.7
Gogebic,MI,12.5,41.0
Grand Traverse,MI,8.7,34.8
Houghton,MI,15.0,32.7
Iron,MI,14.2,41.9
Kalkaska,MI,12.0,39.0
Keweenaw,MI,11.2,42.7
Leelanau,MI,7.4,37.5
Luce,MI,19.1,36.7
Mackinac,MI,12.5,39.5
Marquette,MI,13.6,35.8
Menominee,MI,11.4,39.6
Montmorency,MI,15.5,42.8
Ontonagon,MI,14.7,44.5
Oscoda,MI,15.5,41.1
Otsego,MI,9.3,37.2
Presque Isle,MI,13.1,42.6
Schoolcraft,MI,11.9,40.8
Aitkin,MN,11.1,37.0
Anoka,MN,7.1,31.5
Carlton,MN,8.7,29.8
Chisago,MN,6.3,30.9
Cook,MN,8.7,34.4
Dakota,MN,4.8,28.7
Hennepin,MN,9.3,27.5
Isanti,MN,6.7,30.7
Kanabec,MN,9.1,33.0
Lake,MN,8.0,33.7
Mille Lacs,MN,9.2,31.4
Pine,MN,10.2,33.6
Ramsey,MN,12.6,28.1
St. Louis,MN,10.1,31.6
Scott,MN,4.3,29.6
Washington,MN,4.4,30.0
Coos,NH,13.1,34.8
Clinton,NY,11.1,32.0
Essex,VT,12.7,37.2
Franklin,VT,8.9,30.4
Grand Isle,VT,7.4,33.1
Orleans,VT,10.6,33.2
Ashland,WI,12.5,36.3
Barron,WI,10.0,36.5
Bayfield,WI,11.0,37.1
Burnett,WI,10.7,39.5
Chippewa,WI,9.4,34.5
Clark,WI,13.1,35.4
Door,WI,7.8,38.8
Douglas,WI,10.0,35.2
Dunn,WI,10.1,32.1
Eau Claire,WI,9.8,30.6
Florence,WI,10.6,40.0
Forest,WI,12.0,37.2
Iron,WI,11.2,40.5
Langlade,WI,10.7,37.8
Lincoln,WI,7.7,36.6
Marathon,WI,6.7,34.9
Marinette,WI,9.4,39.4
Menominee,WI,22.6,32.7
Oconto,WI,7.6,35.6
Oneida,WI,7.8,36.7
Pierce,WI,7.3,30.6
Polk,WI,8.9,38.3
Price,WI,11.2,40.8
Rusk,WI,11.7,38.4
St. Croix,WI,4.9,32.3
Sawyer,WI,12.3,39.5
Shawano,WI,10.3,36.0
Taylor,WI,9.6,37.3
Vilas,WI,9.7,40.6
Washburn,WI,10.4,38.6
